event_id,stage,day,round,table,seat,player,vp,win
2024-spring,prelim,Sat,1,1,1,Pia Marsh,5,0
2024-spring,prelim,Sat,1,1,2,Seth Jensen,10,1
2024-spring,prelim,Sat,1,1,3,Rafael Rasmussen,4,0
2024-spring,prelim,Sat,1,1,4,Jonah Joshi,4,0
2024-spring,prelim,Sat,1,2,1,Dmitri Adebayo,6,0
2024-spring,prelim,Sat,1,2,2,Gideon Iwata,7,0
2024-spring,prelim,Sat,1,2,3,Pablo Castillo,4,0
2024-spring,prelim,Sat,1,2,4,Pablo Duarte,10,1
2024-spring,prelim,Sat,1,3,1,Esme Yilmaz,2,0
2024-spring,prelim,Sat,1,3,2,Quinn Rasmussen,4,0
2024-spring,prelim,Sat,1,3,3,Quinn Yilmaz,10,1
2024-spring,prelim,Sat,1,3,4,Nico Patel,7,0
2024-spring,prelim,Sat,1,4,1,Emil Okafor,6,0
2024-spring,prelim,Sat,1,4,2,Leah Fontaine,10,1
2024-spring,prelim,Sat,1,4,3,Kofi Jensen,3,0
2024-spring,prelim,Sat,1,4,4,Omar Whitfield,5,0
2024-spring,prelim,Sat,1,5,1,Kemi Jensen,6,0
2024-spring,prelim,Sat,1,5,2,Hannah Ostrowski,10,1
2024-spring,prelim,Sat,1,5,3,Gus Iwata,5,0
2024-spring,prelim,Sat,1,5,4,Seth Fitzgerald,2,0
2024-spring,prelim,Sat,1,6,1,Esme Zeller,4,0
2024-spring,prelim,Sat,1,6,2,Rosa Zeller,6,0
2024-spring,prelim,Sat,1,6,3,Wes Holm,10,1
2024-spring,prelim,Sat,1,6,4,Samir Haddad,5,0
2024-spring,prelim,Sat,1,7,1,Alex Engel,7,0
2024-spring,prelim,Sat,1,7,2,Lena Marsh,11,1
2024-spring,prelim,Sat,1,7,3,Luca Gallo,5,0
2024-spring,prelim,Sat,1,7,4,Esme Ferreira,2,0
2024-spring,prelim,Sat,1,8,1,Gideon Brennan,7,0
2024-spring,prelim,Sat,1,8,2,Jun Nakashima,6,0
2024-spring,prelim,Sat,1,8,3,Pia Yilmaz,11,1
2024-spring,prelim,Sat,1,8,4,Caleb Engel,5,0
2024-spring,prelim,Sat,1,9,1,Kemi Marsh,5,0
2024-spring,prelim,Sat,1,9,2,Dmitri Ferreira,4,0
2024-spring,prelim,Sat,1,9,3,Esme Novak,3,0
2024-spring,prelim,Sat,1,9,4,Nora Kessler,10,1
2024-spring,prelim,Sat,1,10,1,Idris Ellison,5,0
2024-spring,prelim,Sat,1,10,2,Mateo Mendez,7,0
2024-spring,prelim,Sat,1,10,3,Juno Ibarra,11,1
2024-spring,prelim,Sat,1,10,4,Emil Patel,3,0
2024-spring,prelim,Sat,1,11,1,Dani Achterberg,10,1
2024-spring,prelim,Sat,1,11,2,Nico Adebayo,6,0
2024-spring,prelim,Sat,1,11,3,Dmitri Holm,8,0
2024-spring,prelim,Sat,1,11,4,Dmitri Brennan,4,0
2024-spring,prelim,Sat,2,1,1,Jun Nakashima,10,1
2024-spring,prelim,Sat,2,1,2,Kemi Marsh,7,0
2024-spring,prelim,Sat,2,1,3,Nico Patel,6,0
2024-spring,prelim,Sat,2,1,4,Pablo Castillo,6,0
2024-spring,prelim,Sat,2,2,1,Kemi Jensen,6,0
2024-spring,prelim,Sat,2,2,2,Nora Kessler,11,1
2024-spring,prelim,Sat,2,2,3,Pia Marsh,4,0
2024-spring,prelim,Sat,2,2,4,Leah Fontaine,7,0
2024-spring,prelim,Sat,2,3,1,Luca Gallo,5,0
2024-spring,prelim,Sat,2,3,2,Pia Yilmaz,4,0
2024-spring,prelim,Sat,2,3,3,Nico Adebayo,6,0
2024-spring,prelim,Sat,2,3,4,Juno Ibarra,11,1
2024-spring,prelim,Sat,2,4,1,Seth Fitzgerald,5,0
2024-spring,prelim,Sat,2,4,2,Dmitri Adebayo,5,0
2024-spring,prelim,Sat,2,4,3,Dmitri Brennan,10,1
2024-spring,prelim,Sat,2,4,4,Jonah Joshi,4,0
2024-spring,prelim,Sat,2,5,1,Rafael Rasmussen,6,0
2024-spring,prelim,Sat,2,5,2,Pablo Duarte,10,1
2024-spring,prelim,Sat,2,5,3,Seth Jensen,3,0
2024-spring,prelim,Sat,2,5,4,Dmitri Ferreira,7,0
2024-spring,prelim,Sat,2,6,1,Caleb Engel,4,0
2024-spring,prelim,Sat,2,6,2,Mateo Mendez,5,0
2024-spring,prelim,Sat,2,6,3,Rosa Zeller,7,0
2024-spring,prelim,Sat,2,6,4,Wes Holm,10,1
2024-spring,prelim,Sat,2,7,1,Quinn Yilmaz,7,0
2024-spring,prelim,Sat,2,7,2,Esme Novak,10,1
2024-spring,prelim,Sat,2,7,3,Gideon Brennan,4,0
2024-spring,prelim,Sat,2,7,4,Dmitri Holm,5,0
2024-spring,prelim,Sat,2,8,1,Emil Patel,10,1
2024-spring,prelim,Sat,2,8,2,Samir Haddad,5,0
2024-spring,prelim,Sat,2,8,3,Gideon Iwata,4,0
2024-spring,prelim,Sat,2,8,4,Hannah Ostrowski,7,0
2024-spring,prelim,Sat,2,9,1,Gus Iwata,7,0
2024-spring,prelim,Sat,2,9,2,Dani Achterberg,10,1
2024-spring,prelim,Sat,2,9,3,Kofi Jensen,3,0
2024-spring,prelim,Sat,2,9,4,Alex Engel,7,0
2024-spring,prelim,Sat,2,10,1,Idris Ellison,7,0
2024-spring,prelim,Sat,2,10,2,Esme Ferreira,3,0
2024-spring,prelim,Sat,2,10,3,Lena Marsh,6,0
2024-spring,prelim,Sat,2,10,4,Emil Okafor,11,1
2024-spring,prelim,Sat,2,11,1,Omar Whitfield,5,0
2024-spring,prelim,Sat,2,11,2,Esme Yilmaz,5,0
2024-spring,prelim,Sat,2,11,3,Quinn Rasmussen,6,0
2024-spring,prelim,Sat,2,11,4,Esme Zeller,10,1
2024-spring,prelim,Sat,3,1,1,Emil Okafor,10,1
2024-spring,prelim,Sat,3,1,2,Rafael Rasmussen,2,0
2024-spring,prelim,Sat,3,1,3,Dmitri Ferreira,4,0
2024-spring,prelim,Sat,3,1,4,Nico Adebayo,6,0
2024-spring,prelim,Sat,3,2,1,Quinn Rasmussen,7,0
2024-spring,prelim,Sat,3,2,2,Gideon Iwata,5,0
2024-spring,prelim,Sat,3,2,3,Omar Whitfield,10,1
2024-spring,prelim,Sat,3,2,4,Gideon Brennan,4,0
2024-spring,prelim,Sat,3,3,1,Pia Marsh,8,0
2024-spring,prelim,Sat,3,3,2,Hannah Ostrowski,4,0
2024-spring,prelim,Sat,3,3,3,Dmitri Brennan,10,1
2024-spring,prelim,Sat,3,3,4,Lena Marsh,4,0
2024-spring,prelim,Sat,3,4,1,Nora Kessler,5,0
2024-spring,prelim,Sat,3,4,2,Seth Jensen,5,0
2024-spring,prelim,Sat,3,4,3,Kofi Jensen,9,0
2024-spring,prelim,Sat,3,4,4,Mateo Mendez,10,1
2024-spring,prelim,Sat,3,5,1,Dani Achterberg,10,1
2024-spring,prelim,Sat,3,5,2,Caleb Engel,2,0
2024-spring,prelim,Sat,3,5,3,Esme Zeller,5,0
2024-spring,prelim,Sat,3,5,4,Idris Ellison,6,0
2024-spring,prelim,Sat,3,6,1,Pablo Castillo,5,0
2024-spring,prelim,Sat,3,6,2,Pablo Duarte,7,0
2024-spring,prelim,Sat,3,6,3,Gus Iwata,10,1
2024-spring,prelim,Sat,3,6,4,Jun Nakashima,4,0
2024-spring,prelim,Sat,3,7,1,Emil Patel,5,0
2024-spring,prelim,Sat,3,7,2,Jonah Joshi,5,0
2024-spring,prelim,Sat,3,7,3,Quinn Yilmaz,10,1
2024-spring,prelim,Sat,3,7,4,Nico Patel,4,0
2024-spring,prelim,Sat,3,8,1,Alex Engel,7,0
2024-spring,prelim,Sat,3,8,2,Dmitri Adebayo,5,0
2024-spring,prelim,Sat,3,8,3,Kemi Jensen,6,0
2024-spring,prelim,Sat,3,8,4,Samir Haddad,10,1
2024-spring,prelim,Sat,3,9,1,Juno Ibarra,5,0
2024-spring,prelim,Sat,3,9,2,Luca Gallo,4,0
2024-spring,prelim,Sat,3,9,3,Esme Yilmaz,4,0
2024-spring,prelim,Sat,3,9,4,Seth Fitzgerald,10,1
2024-spring,prelim,Sat,3,10,1,Wes Holm,11,1
2024-spring,prelim,Sat,3,10,2,Esme Ferreira,4,0
2024-spring,prelim,Sat,3,10,3,Esme Novak,6,0
2024-spring,prelim,Sat,3,10,4,Pia Yilmaz,5,0
2024-spring,prelim,Sat,3,11,1,Rosa Zeller,6,0
2024-spring,prelim,Sat,3,11,2,Leah Fontaine,5,0
2024-spring,prelim,Sat,3,11,3,Dmitri Holm,10,1
2024-spring,prelim,Sat,3,11,4,Kemi Marsh,5,0
2024-spring,prelim,Sun,1,1,1,Xochi Marsh,7,0
2024-spring,prelim,Sun,1,1,2,Caleb Ortega,6,0
2024-spring,prelim,Sun,1,1,3,Rafael Abernathy,10,1
2024-spring,prelim,Sun,1,1,4,Uri Toth,3,0
2024-spring,prelim,Sun,1,2,1,Quinn Patel,10,1
2024-spring,prelim,Sun,1,2,2,Seth Fitzgerald,3,0
2024-spring,prelim,Sun,1,2,3,Ravi Sundaram,8,0
2024-spring,prelim,Sun,1,2,4,Kemi Kaplan,7,0
2024-spring,prelim,Sun,1,3,1,Kofi Castillo,3,0
2024-spring,prelim,Sun,1,3,2,Theo Barnwell,10,1
2024-spring,prelim,Sun,1,3,3,Orin Fitzgerald,8,0
2024-spring,prelim,Sun,1,3,4,Gideon Coleman,5,0
2024-spring,prelim,Sun,1,4,1,Dmitri Holm,7,0
2024-spring,prelim,Sun,1,4,2,Kemi Jensen,6,0
2024-spring,prelim,Sun,1,4,3,Cyrus Rasmussen,10,1
2024-spring,prelim,Sun,1,4,4,Hana Brennan,6,0
2024-spring,prelim,Sun,1,5,1,Dmitri Toth,5,0
2024-spring,prelim,Sun,1,5,2,Quinn Zeller,8,0
2024-spring,prelim,Sun,1,5,3,Hana Abernathy,10,1
2024-spring,prelim,Sun,1,5,4,Kemi Marsh,6,0
2024-spring,prelim,Sun,1,6,1,Gus Okafor,5,0
2024-spring,prelim,Sun,1,6,2,Pablo Holm,4,0
2024-spring,prelim,Sun,1,6,3,Alex Engel,10,1
2024-spring,prelim,Sun,1,6,4,Rafael Rasmussen,3,0
2024-spring,prelim,Sun,1,7,1,Bree Sato,6,0
2024-spring,prelim,Sun,1,7,2,Alex Bianchi,6,0
2024-spring,prelim,Sun,1,7,3,Pablo Duarte,10,1
2024-spring,prelim,Sun,1,7,4,Vera Patel,4,0
2024-spring,prelim,Sun,1,8,1,Yusuf Whitaker,7,0
2024-spring,prelim,Sun,1,8,2,Jun Nakashima,11,1
2024-spring,prelim,Sun,1,8,3,Nico Patel,4,0
2024-spring,prelim,Sun,1,8,4,Ellie Park,4,0
2024-spring,prelim,Sun,1,9,1,Wes Sato,6,0
2024-spring,prelim,Sun,1,9,2,Leah Fontaine,7,0
2024-spring,prelim,Sun,1,9,3,Seth Holm,3,0
2024-spring,prelim,Sun,1,9,4,Hannah Ostrowski,10,1
2024-spring,prelim,Sun,1,10,1,Emil Okafor,10,1
2024-spring,prelim,Sun,1,10,2,Gideon Brennan,5,0
2024-spring,prelim,Sun,1,10,3,Caleb Castillo,3,0
2024-spring,prelim,Sun,1,10,4,Zoe Ellison,7,0
2024-spring,prelim,Sun,1,11,1,Xochi Vance,6,0
2024-spring,prelim,Sun,1,11,2,Kemi Whitaker,6,0
2024-spring,prelim,Sun,1,11,3,Juno Zeller,6,0
2024-spring,prelim,Sun,1,11,4,Grace Liang,10,1
2024-spring,prelim,Sun,2,1,1,Vera Patel,5,0
2024-spring,prelim,Sun,2,1,2,Rafael Abernathy,6,0
2024-spring,prelim,Sun,2,1,3,Xochi Marsh,4,0
2024-spring,prelim,Sun,2,1,4,Wes Sato,10,1
2024-spring,prelim,Sun,2,2,1,Dmitri Holm,3,0
2024-spring,prelim,Sun,2,2,2,Cyrus Rasmussen,9,0
2024-spring,prelim,Sun,2,2,3,Kemi Kaplan,4,0
2024-spring,prelim,Sun,2,2,4,Yusuf Whitaker,10,1
2024-spring,prelim,Sun,2,3,1,Juno Zeller,8,0
2024-spring,prelim,Sun,2,3,2,Seth Holm,4,0
2024-spring,prelim,Sun,2,3,3,Hana Brennan,4,0
2024-spring,prelim,Sun,2,3,4,Quinn Zeller,10,1
2024-spring,prelim,Sun,2,4,1,Nico Patel,7,0
2024-spring,prelim,Sun,2,4,2,Jun Nakashima,10,1
2024-spring,prelim,Sun,2,4,3,Ellie Park,8,0
2024-spring,prelim,Sun,2,4,4,Pablo Holm,2,0
2024-spring,prelim,Sun,2,5,1,Pablo Duarte,10,1
2024-spring,prelim,Sun,2,5,2,Emil Okafor,7,0
2024-spring,prelim,Sun,2,5,3,Caleb Ortega,4,0
2024-spring,prelim,Sun,2,5,4,Rafael Rasmussen,5,0
2024-spring,prelim,Sun,2,6,1,Caleb Castillo,4,0
2024-spring,prelim,Sun,2,6,2,Kofi Castillo,5,0
2024-spring,prelim,Sun,2,6,3,Gus Okafor,10,1
2024-spring,prelim,Sun,2,6,4,Dmitri Toth,2,0
2024-spring,prelim,Sun,2,7,1,Zoe Ellison,6,0
2024-spring,prelim,Sun,2,7,2,Theo Barnwell,10,1
2024-spring,prelim,Sun,2,7,3,Gideon Brennan,6,0
2024-spring,prelim,Sun,2,7,4,Alex Bianchi,2,0
2024-spring,prelim,Sun,2,8,1,Hannah Ostrowski,10,1
2024-spring,prelim,Sun,2,8,2,Uri Toth,6,0
2024-spring,prelim,Sun,2,8,3,Bree Sato,5,0
2024-spring,prelim,Sun,2,8,4,Kemi Whitaker,2,0
2024-spring,prelim,Sun,2,9,1,Orin Fitzgerald,5,0
2024-spring,prelim,Sun,2,9,2,Hana Abernathy,10,1
2024-spring,prelim,Sun,2,9,3,Kemi Jensen,5,0
2024-spring,prelim,Sun,2,9,4,Quinn Patel,2,0
2024-spring,prelim,Sun,2,10,1,Grace Liang,6,0
2024-spring,prelim,Sun,2,10,2,Leah Fontaine,10,1
2024-spring,prelim,Sun,2,10,3,Xochi Vance,4,0
2024-spring,prelim,Sun,2,10,4,Seth Fitzgerald,4,0
2024-spring,prelim,Sun,2,11,1,Kemi Marsh,6,0
2024-spring,prelim,Sun,2,11,2,Alex Engel,6,0
2024-spring,prelim,Sun,2,11,3,Ravi Sundaram,10,1
2024-spring,prelim,Sun,2,11,4,Gideon Coleman,6,0
2024-spring,prelim,Sun,3,1,1,Zoe Ellison,10,1
2024-spring,prelim,Sun,3,1,2,Ellie Park,4,0
2024-spring,prelim,Sun,3,1,3,Xochi Marsh,7,0
2024-spring,prelim,Sun,3,1,4,Rafael Rasmussen,4,0
2024-spring,prelim,Sun,3,2,1,Kemi Whitaker,10,1
2024-spring,prelim,Sun,3,2,2,Wes Sato,5,0
2024-spring,prelim,Sun,3,2,3,Kemi Marsh,9,0
2024-spring,prelim,Sun,3,2,4,Cyrus Rasmussen,2,0
2024-spring,prelim,Sun,3,3,1,Juno Zeller,10,1
2024-spring,prelim,Sun,3,3,2,Gus Okafor,6,0
2024-spring,prelim,Sun,3,3,3,Xochi Vance,4,0
2024-spring,prelim,Sun,3,3,4,Rafael Abernathy,5,0
2024-spring,prelim,Sun,3,4,1,Pablo Holm,5,0
2024-spring,prelim,Sun,3,4,2,Vera Patel,6,0
2024-spring,prelim,Sun,3,4,3,Hana Brennan,7,0
2024-spring,prelim,Sun,3,4,4,Hana Abernathy,10,1
2024-spring,prelim,Sun,3,5,1,Jun Nakashima,10,1
2024-spring,prelim,Sun,3,5,2,Dmitri Toth,4,0
2024-spring,prelim,Sun,3,5,3,Theo Barnwell,7,0
2024-spring,prelim,Sun,3,5,4,Leah Fontaine,5,0
2024-spring,prelim,Sun,3,6,1,Uri Toth,4,0
2024-spring,prelim,Sun,3,6,2,Ravi Sundaram,7,0
2024-spring,prelim,Sun,3,6,3,Alex Bianchi,8,0
2024-spring,prelim,Sun,3,6,4,Gideon Coleman,10,1
2024-spring,prelim,Sun,3,7,1,Alex Engel,6,0
2024-spring,prelim,Sun,3,7,2,Quinn Patel,6,0
2024-spring,prelim,Sun,3,7,3,Seth Fitzgerald,6,0
2024-spring,prelim,Sun,3,7,4,Caleb Castillo,10,1
2024-spring,prelim,Sun,3,8,1,Orin Fitzgerald,6,0
2024-spring,prelim,Sun,3,8,2,Seth Holm,10,1
2024-spring,prelim,Sun,3,8,3,Grace Liang,6,0
2024-spring,prelim,Sun,3,8,4,Kofi Castillo,3,0
2024-spring,prelim,Sun,3,9,1,Nico Patel,7,0
2024-spring,prelim,Sun,3,9,2,Emil Okafor,4,0
2024-spring,prelim,Sun,3,9,3,Yusuf Whitaker,10,1
2024-spring,prelim,Sun,3,9,4,Kemi Kaplan,4,0
2024-spring,prelim,Sun,3,10,1,Pablo Duarte,8,0
2024-spring,prelim,Sun,3,10,2,Quinn Zeller,4,0
2024-spring,prelim,Sun,3,10,3,Hannah Ostrowski,10,1
2024-spring,prelim,Sun,3,10,4,Caleb Ortega,4,0
2024-spring,prelim,Sun,3,11,1,Bree Sato,2,0
2024-spring,prelim,Sun,3,11,2,Dmitri Holm,7,0
2024-spring,prelim,Sun,3,11,3,Gideon Brennan,11,1
2024-spring,prelim,Sun,3,11,4,Kemi Jensen,4,0
2024-spring,semi,,1,1,1,Wes Holm,7,0
2024-spring,semi,,1,1,2,Emil Okafor,6,0
2024-spring,semi,,1,1,3,Theo Barnwell,10,1
2024-spring,semi,,1,1,4,Zoe Ellison,5,0
2024-spring,semi,,1,2,1,Jun Nakashima,6,0
2024-spring,semi,,1,2,2,Quinn Yilmaz,7,0
2024-spring,semi,,1,2,3,Juno Ibarra,10,1
2024-spring,semi,,1,2,4,Juno Zeller,4,0
2024-spring,semi,,1,3,1,Hannah Ostrowski,10,1
2024-spring,semi,,1,3,2,Pablo Duarte,6,0
2024-spring,semi,,1,3,3,Yusuf Whitaker,6,0
2024-spring,semi,,1,3,4,Ravi Sundaram,5,0
2024-spring,semi,,1,4,1,Dani Achterberg,10,1
2024-spring,semi,,1,4,2,Hana Abernathy,4,0
2024-spring,semi,,1,4,3,Nora Kessler,7,0
2024-spring,semi,,1,4,4,Dmitri Brennan,7,0
2024-spring,final,,1,1,1,Theo Barnwell,6,0
2024-spring,final,,1,1,2,Juno Ibarra,3,0
2024-spring,final,,1,1,3,Hannah Ostrowski,10,1
2024-spring,final,,1,1,4,Dani Achterberg,3,0
2024-summer,prelim,Sat,1,1,1,Sana Fitzgerald,10,1
2024-summer,prelim,Sat,1,1,2,Esme Novak,5,0
2024-summer,prelim,Sat,1,1,3,Grace Liang,5,0
2024-summer,prelim,Sat,1,1,4,Arjun Ferreira,6,0
2024-summer,prelim,Sat,1,2,1,Kofi Jensen,10,1
2024-summer,prelim,Sat,1,2,2,Hana Brennan,7,0
2024-summer,prelim,Sat,1,2,3,Lena Holm,3,0
2024-summer,prelim,Sat,1,2,4,Pia Dubois,6,0
2024-summer,prelim,Sat,1,3,1,Mateo Hartley,6,0
2024-summer,prelim,Sat,1,3,2,Kofi Castillo,10,1
2024-summer,prelim,Sat,1,3,3,Rafael Abernathy,4,0
2024-summer,prelim,Sat,1,3,4,Gus Hartley,6,0
2024-summer,prelim,Sat,1,4,1,Sana Lowery,10,1
2024-summer,prelim,Sat,1,4,2,Juno Ibarra,6,0
2024-summer,prelim,Sat,1,4,3,Nico Adebayo,2,0
2024-summer,prelim,Sat,1,4,4,Idris Castillo,7,0
2024-summer,prelim,Sat,1,5,1,Esme Ferreira,3,0
2024-summer,prelim,Sat,1,5,2,Yusuf Whitaker,10,1
2024-summer,prelim,Sat,1,5,3,Caleb Ortega,7,0
2024-summer,prelim,Sat,1,5,4,Dmitri Adebayo,5,0
2024-summer,prelim,Sat,1,6,1,Pia Yilmaz,6,0
2024-summer,prelim,Sat,1,6,2,Mateo Mendez,6,0
2024-summer,prelim,Sat,1,6,3,Yusuf Engel,5,0
2024-summer,prelim,Sat,1,6,4,Odette Adebayo,10,1
2024-summer,prelim,Sat,1,7,1,Dmitri Brennan,10,1
2024-summer,prelim,Sat,1,7,2,Ines Bianchi,8,0
2024-summer,prelim,Sat,1,7,3,Esme Yilmaz,4,0
2024-summer,prelim,Sat,1,7,4,Hiro Coleman,5,0
2024-summer,prelim,Sat,1,8,1,Rosa Adebayo,3,0
2024-summer,prelim,Sat,1,8,2,Uri Toth,3,0
2024-summer,prelim,Sat,1,8,3,Diego Varela,7,0
2024-summer,prelim,Sat,1,8,4,Ravi Sundaram,10,1
2024-summer,prelim,Sat,1,9,1,Zoe Ellison,4,0
2024-summer,prelim,Sat,1,9,2,Dani Achterberg,6,0
2024-summer,prelim,Sat,1,9,3,Cyrus Duarte,5,0
2024-summer,prelim,Sat,1,9,4,Dmitri Holm,11,1
2024-summer,prelim,Sat,1,10,1,Xochi Ellison,3,0
2024-summer,prelim,Sat,1,10,2,Hana Abernathy,10,1
2024-summer,prelim,Sat,1,10,3,Emil Castillo,9,0
2024-summer,prelim,Sat,1,10,4,Seth Fitzgerald,8,0
2024-summer,prelim,Sat,1,11,1,Juno Zeller,5,0
2024-summer,prelim,Sat,1,11,2,Omar Whitfield,8,0
2024-summer,prelim,Sat,1,11,3,Jun Nakashima,10,1
2024-summer,prelim,Sat,1,11,4,Luca Yilmaz,6,0
2024-summer,prelim,Sat,1,12,1,Seth Jensen,5,0
2024-summer,prelim,Sat,1,12,2,Alex Engel,5,0
2024-summer,prelim,Sat,1,12,3,Mateo Dubois,8,0
2024-summer,prelim,Sat,1,12,4,Ellie Park,10,1
2024-summer,prelim,Sat,1,13,1,Nadia Zeller,6,0
2024-summer,prelim,Sat,1,13,2,Kemi Ortega,4,0
2024-summer,prelim,Sat,1,13,3,Wes Sato,6,0
2024-summer,prelim,Sat,1,13,4,Samir Haddad,10,1
2024-summer,prelim,Sat,1,14,1,Nico Marsh,10,1
2024-summer,prelim,Sat,1,14,2,Xochi Marsh,6,0
2024-summer,prelim,Sat,1,14,3,Kemi Whitaker,7,0
2024-summer,prelim,Sat,1,14,4,Fern Gallo,3,0
2024-summer,prelim,Sat,1,15,1,Arjun Kowalski,10,1
2024-summer,prelim,Sat,1,15,2,Hannah Ostrowski,5,0
2024-summer,prelim,Sat,1,15,3,Quinn Zeller,6,0
2024-summer,prelim,Sat,1,15,4,Bree Sato,2,0
2024-summer,prelim,Sat,2,1,1,Uri Toth,6,0
2024-summer,prelim,Sat,2,1,2,Yusuf Whitaker,10,1
2024-summer,prelim,Sat,2,1,3,Esme Yilmaz,4,0
2024-summer,prelim,Sat,2,1,4,Esme Novak,5,0
2024-summer,prelim,Sat,2,2,1,Dani Achterberg,2,0
2024-summer,prelim,Sat,2,2,2,Mateo Dubois,4,0
2024-summer,prelim,Sat,2,2,3,Kemi Ortega,4,0
2024-summer,prelim,Sat,2,2,4,Rafael Abernathy,10,1
2024-summer,prelim,Sat,2,3,1,Quinn Zeller,6,0
2024-summer,prelim,Sat,2,3,2,Pia Yilmaz,4,0
2024-summer,prelim,Sat,2,3,3,Cyrus Duarte,10,1
2024-summer,prelim,Sat,2,3,4,Hannah Ostrowski,5,0
2024-summer,prelim,Sat,2,4,1,Diego Varela,8,0
2024-summer,prelim,Sat,2,4,2,Luca Yilmaz,4,0
2024-summer,prelim,Sat,2,4,3,Jun Nakashima,4,0
2024-summer,prelim,Sat,2,4,4,Odette Adebayo,10,1
2024-summer,prelim,Sat,2,5,1,Juno Zeller,7,0
2024-summer,prelim,Sat,2,5,2,Sana Lowery,4,0
2024-summer,prelim,Sat,2,5,3,Alex Engel,11,1
2024-summer,prelim,Sat,2,5,4,Esme Ferreira,5,0
2024-summer,prelim,Sat,2,6,1,Dmitri Brennan,6,0
2024-summer,prelim,Sat,2,6,2,Fern Gallo,2,0
2024-summer,prelim,Sat,2,6,3,Emil Castillo,5,0
2024-summer,prelim,Sat,2,6,4,Grace Liang,10,1
2024-summer,prelim,Sat,2,7,1,Kofi Jensen,10,1
2024-summer,prelim,Sat,2,7,2,Yusuf Engel,4,0
2024-summer,prelim,Sat,2,7,3,Ines Bianchi,2,0
2024-summer,prelim,Sat,2,7,4,Nadia Zeller,8,0
2024-summer,prelim,Sat,2,8,1,Xochi Ellison,10,1
2024-summer,prelim,Sat,2,8,2,Arjun Ferreira,3,0
2024-summer,prelim,Sat,2,8,3,Mateo Hartley,6,0
2024-summer,prelim,Sat,2,8,4,Dmitri Holm,7,0
2024-summer,prelim,Sat,2,9,1,Pia Dubois,10,1
2024-summer,prelim,Sat,2,9,2,Nico Marsh,6,0
2024-summer,prelim,Sat,2,9,3,Omar Whitfield,6,0
2024-summer,prelim,Sat,2,9,4,Kemi Whitaker,5,0
2024-summer,prelim,Sat,2,10,1,Juno Ibarra,5,0
2024-summer,prelim,Sat,2,10,2,Mateo Mendez,8,0
2024-summer,prelim,Sat,2,10,3,Seth Fitzgerald,4,0
2024-summer,prelim,Sat,2,10,4,Arjun Kowalski,10,1
2024-summer,prelim,Sat,2,11,1,Samir Haddad,10,1
2024-summer,prelim,Sat,2,11,2,Sana Fitzgerald,4,0
2024-summer,prelim,Sat,2,11,3,Caleb Ortega,8,0
2024-summer,prelim,Sat,2,11,4,Bree Sato,3,0
2024-summer,prelim,Sat,2,12,1,Idris Castillo,4,0
2024-summer,prelim,Sat,2,12,2,Nico Adebayo,8,0
2024-summer,prelim,Sat,2,12,3,Dmitri Adebayo,6,0
2024-summer,prelim,Sat,2,12,4,Hana Abernathy,11,1
2024-summer,prelim,Sat,2,13,1,Hiro Coleman,7,0
2024-summer,prelim,Sat,2,13,2,Lena Holm,7,0
2024-summer,prelim,Sat,2,13,3,Wes Sato,10,1
2024-summer,prelim,Sat,2,13,4,Xochi Marsh,6,0
2024-summer,prelim,Sat,2,14,1,Kofi Castillo,4,0
2024-summer,prelim,Sat,2,14,2,Seth Jensen,6,0
2024-summer,prelim,Sat,2,14,3,Zoe Ellison,10,1
2024-summer,prelim,Sat,2,14,4,Ellie Park,6,0
2024-summer,prelim,Sat,2,15,1,Hana Brennan,3,0
2024-summer,prelim,Sat,2,15,2,Rosa Adebayo,2,0
2024-summer,prelim,Sat,2,15,3,Gus Hartley,8,0
2024-summer,prelim,Sat,2,15,4,Ravi Sundaram,10,1
2024-summer,prelim,Sat,3,1,1,Seth Jensen,10,1
2024-summer,prelim,Sat,3,1,2,Arjun Ferreira,7,0
2024-summer,prelim,Sat,3,1,3,Zoe Ellison,5,0
2024-summer,prelim,Sat,3,1,4,Nico Marsh,2,0
2024-summer,prelim,Sat,3,2,1,Pia Dubois,4,0
2024-summer,prelim,Sat,3,2,2,Xochi Ellison,6,0
2024-summer,prelim,Sat,3,2,3,Fern Gallo,11,1
2024-summer,prelim,Sat,3,2,4,Yusuf Whitaker,8,0
2024-summer,prelim,Sat,3,3,1,Ellie Park,4,0
2024-summer,prelim,Sat,3,3,2,Cyrus Duarte,6,0
2024-summer,prelim,Sat,3,3,3,Esme Yilmaz,5,0
2024-summer,prelim,Sat,3,3,4,Xochi Marsh,10,1
2024-summer,prelim,Sat,3,4,1,Samir Haddad,11,1
2024-summer,prelim,Sat,3,4,2,Jun Nakashima,8,0
2024-summer,prelim,Sat,3,4,3,Bree Sato,4,0
2024-summer,prelim,Sat,3,4,4,Mateo Mendez,5,0
2024-summer,prelim,Sat,3,5,1,Lena Holm,7,0
2024-summer,prelim,Sat,3,5,2,Esme Novak,2,0
2024-summer,prelim,Sat,3,5,3,Caleb Ortega,10,1
2024-summer,prelim,Sat,3,5,4,Sana Lowery,5,0
2024-summer,prelim,Sat,3,6,1,Grace Liang,10,1
2024-summer,prelim,Sat,3,6,2,Wes Sato,7,0
2024-summer,prelim,Sat,3,6,3,Sana Fitzgerald,5,0
2024-summer,prelim,Sat,3,6,4,Hana Abernathy,6,0
2024-summer,prelim,Sat,3,7,1,Odette Adebayo,7,0
2024-summer,prelim,Sat,3,7,2,Ines Bianchi,5,0
2024-summer,prelim,Sat,3,7,3,Hannah Ostrowski,10,1
2024-summer,prelim,Sat,3,7,4,Yusuf Engel,3,0
2024-summer,prelim,Sat,3,8,1,Alex Engel,5,0
2024-summer,prelim,Sat,3,8,2,Rosa Adebayo,3,0
2024-summer,prelim,Sat,3,8,3,Uri Toth,11,1
2024-summer,prelim,Sat,3,8,4,Hana Brennan,4,0
2024-summer,prelim,Sat,3,9,1,Nico Adebayo,11,1
2024-summer,prelim,Sat,3,9,2,Kofi Jensen,5,0
2024-summer,prelim,Sat,3,9,3,Esme Ferreira,2,0
2024-summer,prelim,Sat,3,9,4,Idris Castillo,8,0
2024-summer,prelim,Sat,3,10,1,Kofi Castillo,6,0
2024-summer,prelim,Sat,3,10,2,Nadia Zeller,6,0
2024-summer,prelim,Sat,3,10,3,Juno Ibarra,10,1
2024-summer,prelim,Sat,3,10,4,Pia Yilmaz,6,0
2024-summer,prelim,Sat,3,11,1,Dani Achterberg,7,0
2024-summer,prelim,Sat,3,11,2,Omar Whitfield,8,0
2024-summer,prelim,Sat,3,11,3,Juno Zeller,3,0
2024-summer,prelim,Sat,3,11,4,Diego Varela,10,1
2024-summer,prelim,Sat,3,12,1,Rafael Abernathy,10,1
2024-summer,prelim,Sat,3,12,2,Dmitri Holm,6,0
2024-summer,prelim,Sat,3,12,3,Kemi Ortega,5,0
2024-summer,prelim,Sat,3,12,4,Emil Castillo,5,0
2024-summer,prelim,Sat,3,13,1,Kemi Whitaker,5,0
2024-summer,prelim,Sat,3,13,2,Gus Hartley,10,1
2024-summer,prelim,Sat,3,13,3,Hiro Coleman,4,0
2024-summer,prelim,Sat,3,13,4,Dmitri Adebayo,6,0
2024-summer,prelim,Sat,3,14,1,Mateo Hartley,10,1
2024-summer,prelim,Sat,3,14,2,Quinn Zeller,3,0
2024-summer,prelim,Sat,3,14,3,Seth Fitzgerald,7,0
2024-summer,prelim,Sat,3,14,4,Ravi Sundaram,5,0
2024-summer,prelim,Sat,3,15,1,Mateo Dubois,2,0
2024-summer,prelim,Sat,3,15,2,Luca Yilmaz,5,0
2024-summer,prelim,Sat,3,15,3,Arjun Kowalski,7,0
2024-summer,prelim,Sat,3,15,4,Dmitri Brennan,10,1
2024-summer,semi,,1,1,1,Samir Haddad,6,0
2024-summer,semi,,1,1,2,Kofi Jensen,5,0
2024-summer,semi,,1,1,3,Grace Liang,3,0
2024-summer,semi,,1,1,4,Mateo Hartley,10,1
2024-summer,semi,,1,2,1,Yusuf Whitaker,8,0
2024-summer,semi,,1,2,2,Ravi Sundaram,10,1
2024-summer,semi,,1,2,3,Rafael Abernathy,8,0
2024-summer,semi,,1,2,4,Wes Sato,3,0
2024-summer,semi,,1,3,1,Arjun Kowalski,8,0
2024-summer,semi,,1,3,2,Dmitri Brennan,4,0
2024-summer,semi,,1,3,3,Caleb Ortega,6,0
2024-summer,semi,,1,3,4,Dmitri Holm,10,1
2024-summer,semi,,1,4,1,Odette Adebayo,7,0
2024-summer,semi,,1,4,2,Hana Abernathy,6,0
2024-summer,semi,,1,4,3,Diego Varela,10,1
2024-summer,semi,,1,4,4,Gus Hartley,7,0
2024-summer,final,,1,1,1,Mateo Hartley,8,0
2024-summer,final,,1,1,2,Ravi Sundaram,10,1
2024-summer,final,,1,1,3,Dmitri Holm,5,0
2024-summer,final,,1,1,4,Diego Varela,5,0
2024-fall,prelim,Sat,1,1,1,Gus Hartley,7,0
2024-fall,prelim,Sat,1,1,2,Dmitri Brennan,10,1
2024-fall,prelim,Sat,1,1,3,Emil Castillo,4,0
2024-fall,prelim,Sat,1,1,4,Ellie Park,6,0
2024-fall,prelim,Sat,1,2,1,Esme Zeller,4,0
2024-fall,prelim,Sat,1,2,2,Diego Varela,10,1
2024-fall,prelim,Sat,1,2,3,Mateo Mendez,5,0
2024-fall,prelim,Sat,1,2,4,Arjun Kowalski,4,0
2024-fall,prelim,Sat,1,3,1,Nico Adebayo,10,1
2024-fall,prelim,Sat,1,3,2,Luca Yilmaz,3,0
2024-fall,prelim,Sat,1,3,3,Farah Ortega,3,0
2024-fall,prelim,Sat,1,3,4,Hiro Holm,7,0
2024-fall,prelim,Sat,1,4,1,Caleb Ortega,6,0
2024-fall,prelim,Sat,1,4,2,Samir Haddad,10,1
2024-fall,prelim,Sat,1,4,3,Emil Patel,5,0
2024-fall,prelim,Sat,1,4,4,Caleb Castillo,6,0
2024-fall,prelim,Sat,1,5,1,Farah Reyes,10,1
2024-fall,prelim,Sat,1,5,2,Juno Ibarra,6,0
2024-fall,prelim,Sat,1,5,3,Yusuf Engel,4,0
2024-fall,prelim,Sat,1,5,4,Hana Brennan,4,0
2024-fall,prelim,Sat,1,6,1,Gideon Fitzgerald,10,1
2024-fall,prelim,Sat,1,6,2,Jonah Joshi,5,0
2024-fall,prelim,Sat,1,6,3,Idris Lindqvist,6,0
2024-fall,prelim,Sat,1,6,4,Gus Okafor,5,0
2024-fall,prelim,Sat,1,7,1,Kemi Novak,4,0
2024-fall,prelim,Sat,1,7,2,Leah Fontaine,10,1
2024-fall,prelim,Sat,1,7,3,Orin Kaplan,5,0
2024-fall,prelim,Sat,1,7,4,Alex Engel,6,0
2024-fall,prelim,Sat,1,8,1,Uri Castillo,5,0
2024-fall,prelim,Sat,1,8,2,Theo Barnwell,7,0
2024-fall,prelim,Sat,1,8,3,Cyrus Duarte,10,1
2024-fall,prelim,Sat,1,8,4,Delia Whitaker,6,0
2024-fall,prelim,Sat,1,9,1,Idris Castillo,4,0
2024-fall,prelim,Sat,1,9,2,Pablo Holm,3,0
2024-fall,prelim,Sat,1,9,3,Hannah Ostrowski,10,1
2024-fall,prelim,Sat,1,9,4,Kemi Whitaker,8,0
2024-fall,prelim,Sat,2,1,1,Gus Hartley,10,1
2024-fall,prelim,Sat,2,1,2,Theo Barnwell,7,0
2024-fall,prelim,Sat,2,1,3,Gideon Fitzgerald,3,0
2024-fall,prelim,Sat,2,1,4,Emil Castillo,6,0
2024-fall,prelim,Sat,2,2,1,Emil Patel,6,0
2024-fall,prelim,Sat,2,2,2,Cyrus Duarte,10,1
2024-fall,prelim,Sat,2,2,3,Esme Zeller,4,0
2024-fall,prelim,Sat,2,2,4,Pablo Holm,6,0
2024-fall,prelim,Sat,2,3,1,Luca Yilmaz,5,0
2024-fall,prelim,Sat,2,3,2,Yusuf Engel,10,1
2024-fall,prelim,Sat,2,3,3,Hiro Holm,4,0
2024-fall,prelim,Sat,2,3,4,Diego Varela,6,0
2024-fall,prelim,Sat,2,4,1,Kemi Novak,5,0
2024-fall,prelim,Sat,2,4,2,Farah Reyes,10,1
2024-fall,prelim,Sat,2,4,3,Uri Castillo,4,0
2024-fall,prelim,Sat,2,4,4,Jonah Joshi,8,0
2024-fall,prelim,Sat,2,5,1,Mateo Mendez,6,0
2024-fall,prelim,Sat,2,5,2,Orin Kaplan,10,1
2024-fall,prelim,Sat,2,5,3,Nico Adebayo,5,0
2024-fall,prelim,Sat,2,5,4,Idris Lindqvist,5,0
2024-fall,prelim,Sat,2,6,1,Arjun Kowalski,8,0
2024-fall,prelim,Sat,2,6,2,Kemi Whitaker,4,0
2024-fall,prelim,Sat,2,6,3,Ellie Park,10,1
2024-fall,prelim,Sat,2,6,4,Idris Castillo,3,0
2024-fall,prelim,Sat,2,7,1,Delia Whitaker,7,0
2024-fall,prelim,Sat,2,7,2,Caleb Castillo,2,0
2024-fall,prelim,Sat,2,7,3,Leah Fontaine,10,1
2024-fall,prelim,Sat,2,7,4,Samir Haddad,8,0
2024-fall,prelim,Sat,2,8,1,Hana Brennan,5,0
2024-fall,prelim,Sat,2,8,2,Alex Engel,6,0
2024-fall,prelim,Sat,2,8,3,Gus Okafor,10,1
2024-fall,prelim,Sat,2,8,4,Juno Ibarra,6,0
2024-fall,prelim,Sat,2,9,1,Dmitri Brennan,5,0
2024-fall,prelim,Sat,2,9,2,Hannah Ostrowski,10,1
2024-fall,prelim,Sat,2,9,3,Caleb Ortega,6,0
2024-fall,prelim,Sat,2,9,4,Farah Ortega,6,0
2024-fall,prelim,Sat,3,1,1,Gus Hartley,7,0
2024-fall,prelim,Sat,3,1,2,Idris Lindqvist,4,0
2024-fall,prelim,Sat,3,1,3,Leah Fontaine,10,1
2024-fall,prelim,Sat,3,1,4,Gideon Fitzgerald,7,0
2024-fall,prelim,Sat,3,2,1,Farah Reyes,6,0
2024-fall,prelim,Sat,3,2,2,Emil Castillo,10,1
2024-fall,prelim,Sat,3,2,3,Idris Castillo,6,0
2024-fall,prelim,Sat,3,2,4,Pablo Holm,4,0
2024-fall,prelim,Sat,3,3,1,Emil Patel,7,0
2024-fall,prelim,Sat,3,3,2,Hana Brennan,4,0
2024-fall,prelim,Sat,3,3,3,Diego Varela,11,1
2024-fall,prelim,Sat,3,3,4,Yusuf Engel,5,0
2024-fall,prelim,Sat,3,4,1,Luca Yilmaz,5,0
2024-fall,prelim,Sat,3,4,2,Esme Zeller,6,0
2024-fall,prelim,Sat,3,4,3,Uri Castillo,5,0
2024-fall,prelim,Sat,3,4,4,Caleb Ortega,10,1
2024-fall,prelim,Sat,3,5,1,Theo Barnwell,10,1
2024-fall,prelim,Sat,3,5,2,Samir Haddad,7,0
2024-fall,prelim,Sat,3,5,3,Ellie Park,5,0
2024-fall,prelim,Sat,3,5,4,Jonah Joshi,5,0
2024-fall,prelim,Sat,3,6,1,Caleb Castillo,2,0
2024-fall,prelim,Sat,3,6,2,Dmitri Brennan,8,0
2024-fall,prelim,Sat,3,6,3,Kemi Whitaker,6,0
2024-fall,prelim,Sat,3,6,4,Farah Ortega,10,1
2024-fall,prelim,Sat,3,7,1,Alex Engel,10,1
2024-fall,prelim,Sat,3,7,2,Gus Okafor,6,0
2024-fall,prelim,Sat,3,7,3,Delia Whitaker,7,0
2024-fall,prelim,Sat,3,7,4,Cyrus Duarte,6,0
2024-fall,prelim,Sat,3,8,1,Nico Adebayo,10,1
2024-fall,prelim,Sat,3,8,2,Orin Kaplan,5,0
2024-fall,prelim,Sat,3,8,3,Mateo Mendez,7,0
2024-fall,prelim,Sat,3,8,4,Kemi Novak,2,0
2024-fall,prelim,Sat,3,9,1,Juno Ibarra,7,0
2024-fall,prelim,Sat,3,9,2,Hannah Ostrowski,5,0
2024-fall,prelim,Sat,3,9,3,Hiro Holm,11,1
2024-fall,prelim,Sat,3,9,4,Arjun Kowalski,5,0
2024-fall,prelim,Sun,1,1,1,Omar Whitfield,10,1
2024-fall,prelim,Sun,1,1,2,Jun Nakashima,9,0
2024-fall,prelim,Sun,1,1,3,Juno Zeller,3,0
2024-fall,prelim,Sun,1,1,4,Pia Ueda,6,0
2024-fall,prelim,Sun,1,2,1,Cyrus Rasmussen,6,0
2024-fall,prelim,Sun,1,2,2,Nadia Ortega,6,0
2024-fall,prelim,Sun,1,2,3,Vera Holm,10,1
2024-fall,prelim,Sun,1,2,4,Quinn Zeller,6,0
2024-fall,prelim,Sun,1,3,1,Dani Achterberg,10,1
2024-fall,prelim,Sun,1,3,2,Sana Lowery,6,0
2024-fall,prelim,Sun,1,3,3,Lena Marsh,6,0
2024-fall,prelim,Sun,1,3,4,Vera Sato,5,0
2024-fall,prelim,Sun,1,4,1,Seth Jensen,6,0
2024-fall,prelim,Sun,1,4,2,Emil Castillo,5,0
2024-fall,prelim,Sun,1,4,3,Pablo Abernathy,5,0
2024-fall,prelim,Sun,1,4,4,Uri Castillo,10,1
2024-fall,prelim,Sun,1,5,1,Juno Ibarra,10,1
2024-fall,prelim,Sun,1,5,2,Dmitri Adebayo,7,0
2024-fall,prelim,Sun,1,5,3,Sana Abernathy,3,0
2024-fall,prelim,Sun,1,5,4,Caleb Castillo,6,0
2024-fall,prelim,Sun,1,6,1,Keisha Brandt,6,0
2024-fall,prelim,Sun,1,6,2,Idris Lindqvist,7,0
2024-fall,prelim,Sun,1,6,3,Tova Reyes,10,1
2024-fall,prelim,Sun,1,6,4,Ines Bianchi,2,0
2024-fall,prelim,Sun,1,7,1,Zoe Ellison,5,0
2024-fall,prelim,Sun,1,7,2,Emil Okafor,6,0
2024-fall,prelim,Sun,1,7,3,Esme Novak,5,0
2024-fall,prelim,Sun,1,7,4,Priya Castellanos,10,1
2024-fall,prelim,Sun,1,8,1,Yusuf Engel,10,1
2024-fall,prelim,Sun,1,8,2,Jonah Joshi,7,0
2024-fall,prelim,Sun,1,8,3,Ines Mendez,4,0
2024-fall,prelim,Sun,1,8,4,Diego Varela,5,0
2024-fall,prelim,Sun,1,9,1,Gus Okafor,3,0
2024-fall,prelim,Sun,1,9,2,Felix Moreau,6,0
2024-fall,prelim,Sun,1,9,3,Delia Whitaker,3,0
2024-fall,prelim,Sun,1,9,4,Odette Adebayo,10,1
2024-fall,prelim,Sun,1,10,1,Quinn Yilmaz,7,0
2024-fall,prelim,Sun,1,10,2,Nora Kessler,11,1
2024-fall,prelim,Sun,1,10,3,Rosa Zeller,2,0
2024-fall,prelim,Sun,1,10,4,Pia Yilmaz,7,0
2024-fall,prelim,Sun,2,1,1,Priya Castellanos,10,1
2024-fall,prelim,Sun,2,1,2,Emil Castillo,6,0
2024-fall,prelim,Sun,2,1,3,Odette Adebayo,8,0
2024-fall,prelim,Sun,2,1,4,Nadia Ortega,2,0
2024-fall,prelim,Sun,2,2,1,Omar Whitfield,8,0
2024-fall,prelim,Sun,2,2,2,Emil Okafor,8,0
2024-fall,prelim,Sun,2,2,3,Ines Bianchi,2,0
2024-fall,prelim,Sun,2,2,4,Tova Reyes,10,1
2024-fall,prelim,Sun,2,3,1,Esme Novak,4,0
2024-fall,prelim,Sun,2,3,2,Yusuf Engel,5,0
2024-fall,prelim,Sun,2,3,3,Felix Moreau,11,1
2024-fall,prelim,Sun,2,3,4,Pia Ueda,7,0
2024-fall,prelim,Sun,2,4,1,Idris Lindqvist,10,1
2024-fall,prelim,Sun,2,4,2,Pablo Abernathy,5,0
2024-fall,prelim,Sun,2,4,3,Jun Nakashima,6,0
2024-fall,prelim,Sun,2,4,4,Sana Lowery,2,0
2024-fall,prelim,Sun,2,5,1,Cyrus Rasmussen,4,0
2024-fall,prelim,Sun,2,5,2,Dmitri Adebayo,10,1
2024-fall,prelim,Sun,2,5,3,Juno Ibarra,5,0
2024-fall,prelim,Sun,2,5,4,Zoe Ellison,8,0
2024-fall,prelim,Sun,2,6,1,Caleb Castillo,10,1
2024-fall,prelim,Sun,2,6,2,Vera Sato,5,0
2024-fall,prelim,Sun,2,6,3,Ines Mendez,6,0
2024-fall,prelim,Sun,2,6,4,Juno Zeller,7,0
2024-fall,prelim,Sun,2,7,1,Vera Holm,3,0
2024-fall,prelim,Sun,2,7,2,Keisha Brandt,10,1
2024-fall,prelim,Sun,2,7,3,Gus Okafor,8,0
2024-fall,prelim,Sun,2,7,4,Quinn Yilmaz,5,0
2024-fall,prelim,Sun,2,8,1,Rosa Zeller,5,0
2024-fall,prelim,Sun,2,8,2,Nora Kessler,10,1
2024-fall,prelim,Sun,2,8,3,Diego Varela,7,0
2024-fall,prelim,Sun,2,8,4,Delia Whitaker,7,0
2024-fall,prelim,Sun,2,9,1,Quinn Zeller,2,0
2024-fall,prelim,Sun,2,9,2,Jonah Joshi,7,0
2024-fall,prelim,Sun,2,9,3,Pia Yilmaz,6,0
2024-fall,prelim,Sun,2,9,4,Seth Jensen,10,1
2024-fall,prelim,Sun,2,10,1,Lena Marsh,5,0
2024-fall,prelim,Sun,2,10,2,Dani Achterberg,10,1
2024-fall,prelim,Sun,2,10,3,Uri Castillo,6,0
2024-fall,prelim,Sun,2,10,4,Sana Abernathy,4,0
2024-fall,prelim,Sun,3,1,1,Delia Whitaker,6,0
2024-fall,prelim,Sun,3,1,2,Zoe Ellison,5,0
2024-fall,prelim,Sun,3,1,3,Idris Lindqvist,6,0
2024-fall,prelim,Sun,3,1,4,Emil Okafor,10,1
2024-fall,prelim,Sun,3,2,1,Sana Abernathy,6,0
2024-fall,prelim,Sun,3,2,2,Nadia Ortega,5,0
2024-fall,prelim,Sun,3,2,3,Rosa Zeller,11,1
2024-fall,prelim,Sun,3,2,4,Keisha Brandt,4,0
2024-fall,prelim,Sun,3,3,1,Vera Sato,7,0
2024-fall,prelim,Sun,3,3,2,Priya Castellanos,10,1
2024-fall,prelim,Sun,3,3,3,Seth Jensen,6,0
2024-fall,prelim,Sun,3,3,4,Esme Novak,3,0
2024-fall,prelim,Sun,3,4,1,Odette Adebayo,11,1
2024-fall,prelim,Sun,3,4,2,Nora Kessler,5,0
2024-fall,prelim,Sun,3,4,3,Quinn Zeller,6,0
2024-fall,prelim,Sun,3,4,4,Jun Nakashima,2,0
2024-fall,prelim,Sun,3,5,1,Cyrus Rasmussen,2,0
2024-fall,prelim,Sun,3,5,2,Uri Castillo,6,0
2024-fall,prelim,Sun,3,5,3,Gus Okafor,10,1
2024-fall,prelim,Sun,3,5,4,Felix Moreau,6,0
2024-fall,prelim,Sun,3,6,1,Emil Castillo,10,1
2024-fall,prelim,Sun,3,6,2,Ines Mendez,2,0
2024-fall,prelim,Sun,3,6,3,Pia Yilmaz,6,0
2024-fall,prelim,Sun,3,6,4,Pablo Abernathy,9,0
2024-fall,prelim,Sun,3,7,1,Quinn Yilmaz,10,1
2024-fall,prelim,Sun,3,7,2,Vera Holm,2,0
2024-fall,prelim,Sun,3,7,3,Dani Achterberg,8,0
2024-fall,prelim,Sun,3,7,4,Omar Whitfield,4,0
2024-fall,prelim,Sun,3,8,1,Sana Lowery,7,0
2024-fall,prelim,Sun,3,8,2,Yusuf Engel,7,0
2024-fall,prelim,Sun,3,8,3,Lena Marsh,5,0
2024-fall,prelim,Sun,3,8,4,Juno Zeller,10,1
2024-fall,prelim,Sun,3,9,1,Caleb Castillo,6,0
2024-fall,prelim,Sun,3,9,2,Ines Bianchi,4,0
2024-fall,prelim,Sun,3,9,3,Tova Reyes,11,1
2024-fall,prelim,Sun,3,9,4,Diego Varela,6,0
2024-fall,prelim,Sun,3,10,1,Dmitri Adebayo,10,1
2024-fall,prelim,Sun,3,10,2,Jonah Joshi,5,0
2024-fall,prelim,Sun,3,10,3,Pia Ueda,9,0
2024-fall,prelim,Sun,3,10,4,Juno Ibarra,4,0
2024-fall,semi,,1,1,1,Tova Reyes,10,1
2024-fall,semi,,1,1,2,Farah Reyes,3,0
2024-fall,semi,,1,1,3,Nora Kessler,4,0
2024-fall,semi,,1,1,4,Emil Okafor,6,0
2024-fall,semi,,1,2,1,Priya Castellanos,6,0
2024-fall,semi,,1,2,2,Dmitri Adebayo,5,0
2024-fall,semi,,1,2,3,Cyrus Duarte,10,1
2024-fall,semi,,1,2,4,Theo Barnwell,6,0
2024-fall,semi,,1,3,1,Leah Fontaine,7,0
2024-fall,semi,,1,3,2,Diego Varela,10,1
2024-fall,semi,,1,3,3,Nico Adebayo,8,0
2024-fall,semi,,1,3,4,Gus Hartley,3,0
2024-fall,semi,,1,4,1,Odette Adebayo,4,0
2024-fall,semi,,1,4,2,Dani Achterberg,5,0
2024-fall,semi,,1,4,3,Hannah Ostrowski,10,1
2024-fall,semi,,1,4,4,Samir Haddad,6,0
2024-fall,final,,1,1,1,Tova Reyes,10,1
2024-fall,final,,1,1,2,Cyrus Duarte,7,0
2024-fall,final,,1,1,3,Diego Varela,7,0
2024-fall,final,,1,1,4,Hannah Ostrowski,4,0
2024-holiday,prelim,Sat,1,1,1,Kemi Ortega,10,1
2024-holiday,prelim,Sat,1,1,2,Seth Fitzgerald,6,0
2024-holiday,prelim,Sat,1,1,3,Pia Dubois,7,0
2024-holiday,prelim,Sat,1,1,4,Luca Gallo,5,0
2024-holiday,prelim,Sat,1,2,1,Emil Castillo,10,1
2024-holiday,prelim,Sat,1,2,2,Quinn Zeller,7,0
2024-holiday,prelim,Sat,1,2,3,Farah Ortega,7,0
2024-holiday,prelim,Sat,1,2,4,Nico Adebayo,2,0
2024-holiday,prelim,Sat,1,3,1,Wes Sato,3,0
2024-holiday,prelim,Sat,1,3,2,Lena Holm,10,1
2024-holiday,prelim,Sat,1,3,3,Kofi Jensen,8,0
2024-holiday,prelim,Sat,1,3,4,Kemi Whitaker,6,0
2024-holiday,prelim,Sat,1,4,1,Idris Lindqvist,10,1
2024-holiday,prelim,Sat,1,4,2,Caleb Ortega,3,0
2024-holiday,prelim,Sat,1,4,3,Juno Ibarra,6,0
2024-holiday,prelim,Sat,1,4,4,Vera Sato,7,0
2024-holiday,prelim,Sat,1,5,1,Esme Yilmaz,2,0
2024-holiday,prelim,Sat,1,5,2,Gus Hartley,11,1
2024-holiday,prelim,Sat,1,5,3,Pablo Duarte,7,0
2024-holiday,prelim,Sat,1,5,4,Gideon Coleman,6,0
2024-holiday,prelim,Sat,1,6,1,Leah Fontaine,8,0
2024-holiday,prelim,Sat,1,6,2,Pia Yilmaz,4,0
2024-holiday,prelim,Sat,1,6,3,Priya Castellanos,10,1
2024-holiday,prelim,Sat,1,6,4,Dmitri Adebayo,6,0
2024-holiday,prelim,Sat,1,7,1,Diego Varela,10,1
2024-holiday,prelim,Sat,1,7,2,Luca Lindqvist,2,0
2024-holiday,prelim,Sat,1,7,3,Emil Patel,5,0
2024-holiday,prelim,Sat,1,7,4,Hana Abernathy,5,0
2024-holiday,prelim,Sat,1,8,1,Gideon Fitzgerald,9,0
2024-holiday,prelim,Sat,1,8,2,Gideon Ellison,10,1
2024-holiday,prelim,Sat,1,8,3,Tova Ueda,7,0
2024-holiday,prelim,Sat,1,8,4,Xochi Toth,2,0
2024-holiday,prelim,Sat,1,9,1,Fern Gallo,11,1
2024-holiday,prelim,Sat,1,9,2,Cyrus Castillo,4,0
2024-holiday,prelim,Sat,1,9,3,Zoe Ellison,7,0
2024-holiday,prelim,Sat,1,9,4,Samir Haddad,7,0
2024-holiday,prelim,Sat,1,10,1,Caleb Engel,6,0
2024-holiday,prelim,Sat,1,10,2,Jun Nakashima,10,1
2024-holiday,prelim,Sat,1,10,3,Yusuf Engel,6,0
2024-holiday,prelim,Sat,1,10,4,Gus Castillo,3,0
2024-holiday,prelim,Sat,1,11,1,Pia Ueda,7,0
2024-holiday,prelim,Sat,1,11,2,Ines Mendez,3,0
2024-holiday,prelim,Sat,1,11,3,Hana Brennan,5,0
2024-holiday,prelim,Sat,1,11,4,Nora Kessler,10,1
2024-holiday,prelim,Sat,1,12,1,Rafael Abernathy,3,0
2024-holiday,prelim,Sat,1,12,2,Ines Bianchi,5,0
2024-holiday,prelim,Sat,1,12,3,Caleb Castillo,10,1
2024-holiday,prelim,Sat,1,12,4,Maya Ferreira,7,0
2024-holiday,prelim,Sat,1,13,1,Grace Liang,8,0
2024-holiday,prelim,Sat,1,13,2,Hannah Ostrowski,10,1
2024-holiday,prelim,Sat,1,13,3,Kemi Kaplan,2,0
2024-holiday,prelim,Sat,1,13,4,Rosa Adebayo,6,0
2024-holiday,prelim,Sat,1,14,1,Felix Moreau,6,0
2024-holiday,prelim,Sat,1,14,2,Mateo Mendez,6,0
2024-holiday,prelim,Sat,1,14,3,Juno Zeller,11,1
2024-holiday,prelim,Sat,1,14,4,Omar Whitfield,4,0
2024-holiday,prelim,Sat,2,1,1,Xochi Toth,6,0
2024-holiday,prelim,Sat,2,1,2,Maya Ferreira,10,1
2024-holiday,prelim,Sat,2,1,3,Jun Nakashima,7,0
2024-holiday,prelim,Sat,2,1,4,Rafael Abernathy,3,0
2024-holiday,prelim,Sat,2,2,1,Emil Patel,10,1
2024-holiday,prelim,Sat,2,2,2,Omar Whitfield,6,0
2024-holiday,prelim,Sat,2,2,3,Hana Brennan,5,0
2024-holiday,prelim,Sat,2,2,4,Pia Yilmaz,6,0
2024-holiday,prelim,Sat,2,3,1,Gus Castillo,6,0
2024-holiday,prelim,Sat,2,3,2,Leah Fontaine,4,0
2024-holiday,prelim,Sat,2,3,3,Felix Moreau,10,1
2024-holiday,prelim,Sat,2,3,4,Farah Ortega,6,0
2024-holiday,prelim,Sat,2,4,1,Kemi Kaplan,3,0
2024-holiday,prelim,Sat,2,4,2,Wes Sato,5,0
2024-holiday,prelim,Sat,2,4,3,Pia Dubois,7,0
2024-holiday,prelim,Sat,2,4,4,Priya Castellanos,10,1
2024-holiday,prelim,Sat,2,5,1,Kemi Ortega,2,0
2024-holiday,prelim,Sat,2,5,2,Tova Ueda,7,0
2024-holiday,prelim,Sat,2,5,3,Gideon Coleman,8,0
2024-holiday,prelim,Sat,2,5,4,Pablo Duarte,10,1
2024-holiday,prelim,Sat,2,6,1,Luca Gallo,4,0
2024-holiday,prelim,Sat,2,6,2,Juno Ibarra,5,0
2024-holiday,prelim,Sat,2,6,3,Zoe Ellison,10,1
2024-holiday,prelim,Sat,2,6,4,Juno Zeller,5,0
2024-holiday,prelim,Sat,2,7,1,Hana Abernathy,6,0
2024-holiday,prelim,Sat,2,7,2,Nico Adebayo,10,1
2024-holiday,prelim,Sat,2,7,3,Esme Yilmaz,7,0
2024-holiday,prelim,Sat,2,7,4,Ines Mendez,2,0
2024-holiday,prelim,Sat,2,8,1,Emil Castillo,10,1
2024-holiday,prelim,Sat,2,8,2,Seth Fitzgerald,3,0
2024-holiday,prelim,Sat,2,8,3,Quinn Zeller,6,0
2024-holiday,prelim,Sat,2,8,4,Ines Bianchi,5,0
2024-holiday,prelim,Sat,2,9,1,Nora Kessler,6,0
2024-holiday,prelim,Sat,2,9,2,Yusuf Engel,4,0
2024-holiday,prelim,Sat,2,9,3,Caleb Ortega,5,0
2024-holiday,prelim,Sat,2,9,4,Vera Sato,10,1
2024-holiday,prelim,Sat,2,10,1,Lena Holm,5,0
2024-holiday,prelim,Sat,2,10,2,Kemi Whitaker,7,0
2024-holiday,prelim,Sat,2,10,3,Hannah Ostrowski,11,1
2024-holiday,prelim,Sat,2,10,4,Cyrus Castillo,6,0
2024-holiday,prelim,Sat,2,11,1,Grace Liang,5,0
2024-holiday,prelim,Sat,2,11,2,Fern Gallo,7,0
2024-holiday,prelim,Sat,2,11,3,Dmitri Adebayo,10,1
2024-holiday,prelim,Sat,2,11,4,Gideon Fitzgerald,5,0
2024-holiday,prelim,Sat,2,12,1,Mateo Mendez,10,1
2024-holiday,prelim,Sat,2,12,2,Rosa Adebayo,2,0
2024-holiday,prelim,Sat,2,12,3,Diego Varela,6,0
2024-holiday,prelim,Sat,2,12,4,Caleb Castillo,7,0
2024-holiday,prelim,Sat,2,13,1,Gus Hartley,2,0
2024-holiday,prelim,Sat,2,13,2,Caleb Engel,7,0
2024-holiday,prelim,Sat,2,13,3,Kofi Jensen,10,1
2024-holiday,prelim,Sat,2,13,4,Luca Lindqvist,6,0
2024-holiday,prelim,Sat,2,14,1,Idris Lindqvist,8,0
2024-holiday,prelim,Sat,2,14,2,Samir Haddad,10,1
2024-holiday,prelim,Sat,2,14,3,Pia Ueda,3,0
2024-holiday,prelim,Sat,2,14,4,Gideon Ellison,7,0
2024-holiday,prelim,Sat,3,1,1,Cyrus Castillo,7,0
2024-holiday,prelim,Sat,3,1,2,Pablo Duarte,8,0
2024-holiday,prelim,Sat,3,1,3,Rosa Adebayo,5,0
2024-holiday,prelim,Sat,3,1,4,Hannah Ostrowski,10,1
2024-holiday,prelim,Sat,3,2,1,Gideon Fitzgerald,5,0
2024-holiday,prelim,Sat,3,2,2,Farah Ortega,11,1
2024-holiday,prelim,Sat,3,2,3,Yusuf Engel,4,0
2024-holiday,prelim,Sat,3,2,4,Kemi Whitaker,6,0
2024-holiday,prelim,Sat,3,3,1,Kemi Kaplan,7,0
2024-holiday,prelim,Sat,3,3,2,Luca Lindqvist,7,0
2024-holiday,prelim,Sat,3,3,3,Rafael Abernathy,10,1
2024-holiday,prelim,Sat,3,3,4,Gideon Coleman,4,0
2024-holiday,prelim,Sat,3,4,1,Felix Moreau,7,0
2024-holiday,prelim,Sat,3,4,2,Diego Varela,10,1
2024-holiday,prelim,Sat,3,4,3,Esme Yilmaz,2,0
2024-holiday,prelim,Sat,3,4,4,Pia Ueda,6,0
2024-holiday,prelim,Sat,3,5,1,Luca Gallo,4,0
2024-holiday,prelim,Sat,3,5,2,Zoe Ellison,10,1
2024-holiday,prelim,Sat,3,5,3,Caleb Engel,7,0
2024-holiday,prelim,Sat,3,5,4,Samir Haddad,5,0
2024-holiday,prelim,Sat,3,6,1,Lena Holm,5,0
2024-holiday,prelim,Sat,3,6,2,Priya Castellanos,6,0
2024-holiday,prelim,Sat,3,6,3,Tova Ueda,7,0
2024-holiday,prelim,Sat,3,6,4,Maya Ferreira,10,1
2024-holiday,prelim,Sat,3,7,1,Mateo Mendez,4,0
2024-holiday,prelim,Sat,3,7,2,Idris Lindqvist,10,1
2024-holiday,prelim,Sat,3,7,3,Jun Nakashima,7,0
2024-holiday,prelim,Sat,3,7,4,Seth Fitzgerald,8,0
2024-holiday,prelim,Sat,3,8,1,Ines Mendez,3,0
2024-holiday,prelim,Sat,3,8,2,Wes Sato,8,0
2024-holiday,prelim,Sat,3,8,3,Vera Sato,9,0
2024-holiday,prelim,Sat,3,8,4,Grace Liang,10,1
2024-holiday,prelim,Sat,3,9,1,Omar Whitfield,10,1
2024-holiday,prelim,Sat,3,9,2,Pia Dubois,6,0
2024-holiday,prelim,Sat,3,9,3,Gus Castillo,5,0
2024-holiday,prelim,Sat,3,9,4,Nico Adebayo,5,0
2024-holiday,prelim,Sat,3,10,1,Juno Ibarra,4,0
2024-holiday,prelim,Sat,3,10,2,Leah Fontaine,7,0
2024-holiday,prelim,Sat,3,10,3,Nora Kessler,10,1
2024-holiday,prelim,Sat,3,10,4,Dmitri Adebayo,6,0
2024-holiday,prelim,Sat,3,11,1,Caleb Castillo,6,0
2024-holiday,prelim,Sat,3,11,2,Emil Patel,11,1
2024-holiday,prelim,Sat,3,11,3,Ines Bianchi,7,0
2024-holiday,prelim,Sat,3,11,4,Juno Zeller,3,0
2024-holiday,prelim,Sat,3,12,1,Hana Abernathy,4,0
2024-holiday,prelim,Sat,3,12,2,Gus Hartley,10,1
2024-holiday,prelim,Sat,3,12,3,Caleb Ortega,5,0
2024-holiday,prelim,Sat,3,12,4,Emil Castillo,5,0
2024-holiday,prelim,Sat,3,13,1,Hana Brennan,2,0
2024-holiday,prelim,Sat,3,13,2,Gideon Ellison,10,1
2024-holiday,prelim,Sat,3,13,3,Fern Gallo,6,0
2024-holiday,prelim,Sat,3,13,4,Xochi Toth,8,0
2024-holiday,prelim,Sat,3,14,1,Kofi Jensen,6,0
2024-holiday,prelim,Sat,3,14,2,Kemi Ortega,5,0
2024-holiday,prelim,Sat,3,14,3,Pia Yilmaz,10,1
2024-holiday,prelim,Sat,3,14,4,Quinn Zeller,6,0
2024-holiday,semi,,1,1,1,Hannah Ostrowski,7,0
2024-holiday,semi,,1,1,2,Emil Patel,5,0
2024-holiday,semi,,1,1,3,Priya Castellanos,4,0
2024-holiday,semi,,1,1,4,Jun Nakashima,10,1
2024-holiday,semi,,1,2,1,Idris Lindqvist,2,0
2024-holiday,semi,,1,2,2,Nora Kessler,6,0
2024-holiday,semi,,1,2,3,Emil Castillo,10,1
2024-holiday,semi,,1,2,4,Kofi Jensen,7,0
2024-holiday,semi,,1,3,1,Zoe Ellison,5,0
2024-holiday,semi,,1,3,2,Diego Varela,4,0
2024-holiday,semi,,1,3,3,Gus Hartley,6,0
2024-holiday,semi,,1,3,4,Farah Ortega,10,1
2024-holiday,semi,,1,4,1,Maya Ferreira,5,0
2024-holiday,semi,,1,4,2,Gideon Ellison,10,1
2024-holiday,semi,,1,4,3,Vera Sato,8,0
2024-holiday,semi,,1,4,4,Pablo Duarte,6,0
2024-holiday,final,,1,1,1,Jun Nakashima,10,1
2024-holiday,final,,1,1,2,Emil Castillo,8,0
2024-holiday,final,,1,1,3,Farah Ortega,3,0
2024-holiday,final,,1,1,4,Gideon Ellison,3,0
2025-winter,prelim,Sat,1,1,1,Uri Castillo,7,0
2025-winter,prelim,Sat,1,1,2,Yusuf Marsh,10,1
2025-winter,prelim,Sat,1,1,3,Cyrus Castillo,4,0
2025-winter,prelim,Sat,1,1,4,Vera Holm,7,0
2025-winter,prelim,Sat,1,2,1,Idris Lindqvist,7,0
2025-winter,prelim,Sat,1,2,2,Yusuf Whitaker,5,0
2025-winter,prelim,Sat,1,2,3,Rosa Zeller,10,1
2025-winter,prelim,Sat,1,2,4,Theo Barnwell,5,0
2025-winter,prelim,Sat,1,3,1,Nadia Ortega,5,0
2025-winter,prelim,Sat,1,3,2,Vera Sato,6,0
2025-winter,prelim,Sat,1,3,3,Priya Castellanos,10,1
2025-winter,prelim,Sat,1,3,4,Seth Jensen,6,0
2025-winter,prelim,Sat,1,4,1,Rafael Abernathy,10,1
2025-winter,prelim,Sat,1,4,2,Quinn Zeller,5,0
2025-winter,prelim,Sat,1,4,3,Nico Patel,5,0
2025-winter,prelim,Sat,1,4,4,Cyrus Rasmussen,3,0
2025-winter,prelim,Sat,1,5,1,Samir Haddad,10,1
2025-winter,prelim,Sat,1,5,2,Uri Toth,7,0
2025-winter,prelim,Sat,1,5,3,Kofi Ueda,6,0
2025-winter,prelim,Sat,1,5,4,Fern Gallo,5,0
2025-winter,prelim,Sat,1,6,1,Kemi Ortega,6,0
2025-winter,prelim,Sat,1,6,2,Emil Patel,10,1
2025-winter,prelim,Sat,1,6,3,Bianca Nakamura,6,0
2025-winter,prelim,Sat,1,6,4,Juno Zeller,5,0
2025-winter,prelim,Sat,1,7,1,Mateo Dubois,7,0
2025-winter,prelim,Sat,1,7,2,Pablo Duarte,7,0
2025-winter,prelim,Sat,1,7,3,Nora Kessler,4,0
2025-winter,prelim,Sat,1,7,4,Mateo Mendez,10,1
2025-winter,prelim,Sat,1,8,1,Dmitri Brennan,6,0
2025-winter,prelim,Sat,1,8,2,Arjun Kowalski,6,0
2025-winter,prelim,Sat,1,8,3,Orin Fitzgerald,5,0
2025-winter,prelim,Sat,1,8,4,Keisha Brandt,10,1
2025-winter,prelim,Sat,1,9,1,Sana Fitzgerald,6,0
2025-winter,prelim,Sat,1,9,2,Pia Yilmaz,6,0
2025-winter,prelim,Sat,1,9,3,Leah Fontaine,7,0
2025-winter,prelim,Sat,1,9,4,Dani Achterberg,10,1
2025-winter,prelim,Sat,1,10,1,Esme Novak,5,0
2025-winter,prelim,Sat,1,10,2,Kemi Whitaker,5,0
2025-winter,prelim,Sat,1,10,3,Xochi Ellison,10,1
2025-winter,prelim,Sat,1,10,4,Zoe Jensen,5,0
2025-winter,prelim,Sat,1,11,1,Tova Ueda,7,0
2025-winter,prelim,Sat,1,11,2,Maya Tremblay,5,0
2025-winter,prelim,Sat,1,11,3,Rafael Rasmussen,5,0
2025-winter,prelim,Sat,1,11,4,Pia Lindqvist,10,1
2025-winter,prelim,Sat,1,12,1,Esme Zeller,10,1
2025-winter,prelim,Sat,1,12,2,Nadia Zeller,6,0
2025-winter,prelim,Sat,1,12,3,Caleb Ortega,3,0
2025-winter,prelim,Sat,1,12,4,Alex Fitzgerald,7,0
2025-winter,prelim,Sat,1,13,1,Hiro Coleman,4,0
2025-winter,prelim,Sat,1,13,2,Emil Castillo,5,0
2025-winter,prelim,Sat,1,13,3,Dmitri Holm,6,0
2025-winter,prelim,Sat,1,13,4,Delia Whitaker,10,1
2025-winter,prelim,Sat,1,14,1,Ines Bianchi,4,0
2025-winter,prelim,Sat,1,14,2,Pablo Abernathy,5,0
2025-winter,prelim,Sat,1,14,3,Xochi Marsh,8,0
2025-winter,prelim,Sat,1,14,4,Kemi Jensen,10,1
2025-winter,prelim,Sat,1,15,1,Felix Moreau,10,1
2025-winter,prelim,Sat,1,15,2,Hannah Ostrowski,7,0
2025-winter,prelim,Sat,1,15,3,Luca Yilmaz,3,0
2025-winter,prelim,Sat,1,15,4,Zoe Ellison,5,0
2025-winter,prelim,Sat,1,16,1,Marcus Delgado,7,0
2025-winter,prelim,Sat,1,16,2,Kofi Jensen,3,0
2025-winter,prelim,Sat,1,16,3,Lena Holm,2,0
2025-winter,prelim,Sat,1,16,4,Diego Varela,10,1
2025-winter,prelim,Sat,1,17,1,Wes Sato,3,0
2025-winter,prelim,Sat,1,17,2,Farah Reyes,10,1
2025-winter,prelim,Sat,1,17,3,Omar Whitfield,6,0
2025-winter,prelim,Sat,1,17,4,Seth Holm,4,0
2025-winter,prelim,Sat,1,18,1,Sana Abernathy,4,0
2025-winter,prelim,Sat,1,18,2,Alex Engel,10,1
2025-winter,prelim,Sat,1,18,3,Orin Quintero,4,0
2025-winter,prelim,Sat,1,18,4,Hana Brennan,8,0
2025-winter,prelim,Sat,2,1,1,Caleb Ortega,11,1
2025-winter,prelim,Sat,2,1,2,Esme Zeller,6,0
2025-winter,prelim,Sat,2,1,3,Seth Jensen,5,0
2025-winter,prelim,Sat,2,1,4,Pablo Abernathy,8,0
2025-winter,prelim,Sat,2,2,1,Cyrus Castillo,4,0
2025-winter,prelim,Sat,2,2,2,Arjun Kowalski,11,1
2025-winter,prelim,Sat,2,2,3,Quinn Zeller,7,0
2025-winter,prelim,Sat,2,2,4,Omar Whitfield,7,0
2025-winter,prelim,Sat,2,3,1,Priya Castellanos,10,1
2025-winter,prelim,Sat,2,3,2,Nadia Zeller,7,0
2025-winter,prelim,Sat,2,3,3,Maya Tremblay,2,0
2025-winter,prelim,Sat,2,3,4,Rosa Zeller,8,0
2025-winter,prelim,Sat,2,4,1,Marcus Delgado,5,0
2025-winter,prelim,Sat,2,4,2,Yusuf Whitaker,6,0
2025-winter,prelim,Sat,2,4,3,Idris Lindqvist,10,1
2025-winter,prelim,Sat,2,4,4,Sana Abernathy,6,0
2025-winter,prelim,Sat,2,5,1,Sana Fitzgerald,7,0
2025-winter,prelim,Sat,2,5,2,Kofi Jensen,10,1
2025-winter,prelim,Sat,2,5,3,Zoe Ellison,6,0
2025-winter,prelim,Sat,2,5,4,Felix Moreau,3,0
2025-winter,prelim,Sat,2,6,1,Hannah Ostrowski,5,0
2025-winter,prelim,Sat,2,6,2,Mateo Dubois,6,0
2025-winter,prelim,Sat,2,6,3,Bianca Nakamura,7,0
2025-winter,prelim,Sat,2,6,4,Farah Reyes,11,1
2025-winter,prelim,Sat,2,7,1,Vera Holm,10,1
2025-winter,prelim,Sat,2,7,2,Uri Toth,7,0
2025-winter,prelim,Sat,2,7,3,Wes Sato,7,0
2025-winter,prelim,Sat,2,7,4,Xochi Ellison,2,0
2025-winter,prelim,Sat,2,8,1,Leah Fontaine,3,0
2025-winter,prelim,Sat,2,8,2,Theo Barnwell,10,1
2025-winter,prelim,Sat,2,8,3,Zoe Jensen,7,0
2025-winter,prelim,Sat,2,8,4,Uri Castillo,6,0
2025-winter,prelim,Sat,2,9,1,Dmitri Holm,6,0
2025-winter,prelim,Sat,2,9,2,Ines Bianchi,4,0
2025-winter,prelim,Sat,2,9,3,Kemi Jensen,10,1
2025-winter,prelim,Sat,2,9,4,Esme Novak,5,0
2025-winter,prelim,Sat,2,10,1,Samir Haddad,5,0
2025-winter,prelim,Sat,2,10,2,Alex Engel,6,0
2025-winter,prelim,Sat,2,10,3,Emil Castillo,10,1
2025-winter,prelim,Sat,2,10,4,Dani Achterberg,8,0
2025-winter,prelim,Sat,2,11,1,Orin Quintero,5,0
2025-winter,prelim,Sat,2,11,2,Cyrus Rasmussen,8,0
2025-winter,prelim,Sat,2,11,3,Rafael Abernathy,10,1
2025-winter,prelim,Sat,2,11,4,Xochi Marsh,2,0
2025-winter,prelim,Sat,2,12,1,Mateo Mendez,5,0
2025-winter,prelim,Sat,2,12,2,Nadia Ortega,7,0
2025-winter,prelim,Sat,2,12,3,Juno Zeller,11,1
2025-winter,prelim,Sat,2,12,4,Diego Varela,7,0
2025-winter,prelim,Sat,2,13,1,Seth Holm,5,0
2025-winter,prelim,Sat,2,13,2,Nico Patel,7,0
2025-winter,prelim,Sat,2,13,3,Tova Ueda,7,0
2025-winter,prelim,Sat,2,13,4,Fern Gallo,11,1
2025-winter,prelim,Sat,2,14,1,Pia Yilmaz,10,1
2025-winter,prelim,Sat,2,14,2,Alex Fitzgerald,6,0
2025-winter,prelim,Sat,2,14,3,Lena Holm,4,0
2025-winter,prelim,Sat,2,14,4,Dmitri Brennan,7,0
2025-winter,prelim,Sat,2,15,1,Delia Whitaker,10,1
2025-winter,prelim,Sat,2,15,2,Luca Yilmaz,6,0
2025-winter,prelim,Sat,2,15,3,Yusuf Marsh,3,0
2025-winter,prelim,Sat,2,15,4,Hana Brennan,6,0
2025-winter,prelim,Sat,2,16,1,Kemi Whitaker,10,1
2025-winter,prelim,Sat,2,16,2,Pablo Duarte,6,0
2025-winter,prelim,Sat,2,16,3,Hiro Coleman,6,0
2025-winter,prelim,Sat,2,16,4,Kofi Ueda,6,0
2025-winter,prelim,Sat,2,17,1,Pia Lindqvist,3,0
2025-winter,prelim,Sat,2,17,2,Rafael Rasmussen,5,0
2025-winter,prelim,Sat,2,17,3,Nora Kessler,11,1
2025-winter,prelim,Sat,2,17,4,Vera Sato,9,0
2025-winter,prelim,Sat,2,18,1,Kemi Ortega,5,0
2025-winter,prelim,Sat,2,18,2,Emil Patel,10,1
2025-winter,prelim,Sat,2,18,3,Keisha Brandt,5,0
2025-winter,prelim,Sat,2,18,4,Orin Fitzgerald,4,0
2025-winter,prelim,Sat,3,1,1,Xochi Marsh,2,0
2025-winter,prelim,Sat,3,1,2,Vera Holm,7,0
2025-winter,prelim,Sat,3,1,3,Pablo Duarte,7,0
2025-winter,prelim,Sat,3,1,4,Theo Barnwell,10,1
2025-winter,prelim,Sat,3,2,1,Arjun Kowalski,10,1
2025-winter,prelim,Sat,3,2,2,Rosa Zeller,6,0
2025-winter,prelim,Sat,3,2,3,Yusuf Marsh,4,0
2025-winter,prelim,Sat,3,2,4,Hana Brennan,6,0
2025-winter,prelim,Sat,3,3,1,Yusuf Whitaker,3,0
2025-winter,prelim,Sat,3,3,2,Kofi Jensen,10,1
2025-winter,prelim,Sat,3,3,3,Zoe Ellison,5,0
2025-winter,prelim,Sat,3,3,4,Idris Lindqvist,7,0
2025-winter,prelim,Sat,3,4,1,Esme Zeller,6,0
2025-winter,prelim,Sat,3,4,2,Quinn Zeller,8,0
2025-winter,prelim,Sat,3,4,3,Juno Zeller,6,0
2025-winter,prelim,Sat,3,4,4,Emil Castillo,10,1
2025-winter,prelim,Sat,3,5,1,Xochi Ellison,2,0
2025-winter,prelim,Sat,3,5,2,Bianca Nakamura,7,0
2025-winter,prelim,Sat,3,5,3,Ines Bianchi,10,1
2025-winter,prelim,Sat,3,5,4,Caleb Ortega,5,0
2025-winter,prelim,Sat,3,6,1,Rafael Abernathy,6,0
2025-winter,prelim,Sat,3,6,2,Priya Castellanos,10,1
2025-winter,prelim,Sat,3,6,3,Pia Lindqvist,5,0
2025-winter,prelim,Sat,3,6,4,Kemi Ortega,5,0
2025-winter,prelim,Sat,3,7,1,Luca Yilmaz,5,0
2025-winter,prelim,Sat,3,7,2,Hiro Coleman,5,0
2025-winter,prelim,Sat,3,7,3,Dmitri Holm,10,1
2025-winter,prelim,Sat,3,7,4,Kemi Whitaker,6,0
2025-winter,prelim,Sat,3,8,1,Delia Whitaker,2,0
2025-winter,prelim,Sat,3,8,2,Samir Haddad,8,0
2025-winter,prelim,Sat,3,8,3,Uri Castillo,10,1
2025-winter,prelim,Sat,3,8,4,Farah Reyes,6,0
2025-winter,prelim,Sat,3,9,1,Felix Moreau,2,0
2025-winter,prelim,Sat,3,9,2,Zoe Jensen,10,1
2025-winter,prelim,Sat,3,9,3,Sana Fitzgerald,5,0
2025-winter,prelim,Sat,3,9,4,Cyrus Castillo,8,0
2025-winter,prelim,Sat,3,10,1,Marcus Delgado,10,1
2025-winter,prelim,Sat,3,10,2,Pablo Abernathy,4,0
2025-winter,prelim,Sat,3,10,3,Mateo Mendez,6,0
2025-winter,prelim,Sat,3,10,4,Kofi Ueda,4,0
2025-winter,prelim,Sat,3,11,1,Nico Patel,6,0
2025-winter,prelim,Sat,3,11,2,Orin Fitzgerald,5,0
2025-winter,prelim,Sat,3,11,3,Hannah Ostrowski,10,1
2025-winter,prelim,Sat,3,11,4,Mateo Dubois,5,0
2025-winter,prelim,Sat,3,12,1,Sana Abernathy,5,0
2025-winter,prelim,Sat,3,12,2,Emil Patel,10,1
2025-winter,prelim,Sat,3,12,3,Cyrus Rasmussen,8,0
2025-winter,prelim,Sat,3,12,4,Alex Engel,4,0
2025-winter,prelim,Sat,3,13,1,Alex Fitzgerald,2,0
2025-winter,prelim,Sat,3,13,2,Nadia Zeller,6,0
2025-winter,prelim,Sat,3,13,3,Fern Gallo,6,0
2025-winter,prelim,Sat,3,13,4,Leah Fontaine,10,1
2025-winter,prelim,Sat,3,14,1,Seth Jensen,6,0
2025-winter,prelim,Sat,3,14,2,Pia Yilmaz,10,1
2025-winter,prelim,Sat,3,14,3,Seth Holm,2,0
2025-winter,prelim,Sat,3,14,4,Dani Achterberg,9,0
2025-winter,prelim,Sat,3,15,1,Esme Novak,4,0
2025-winter,prelim,Sat,3,15,2,Maya Tremblay,4,0
2025-winter,prelim,Sat,3,15,3,Vera Sato,10,1
2025-winter,prelim,Sat,3,15,4,Dmitri Brennan,7,0
2025-winter,prelim,Sat,3,16,1,Kemi Jensen,6,0
2025-winter,prelim,Sat,3,16,2,Tova Ueda,10,1
2025-winter,prelim,Sat,3,16,3,Wes Sato,5,0
2025-winter,prelim,Sat,3,16,4,Lena Holm,6,0
2025-winter,prelim,Sat,3,17,1,Uri Toth,3,0
2025-winter,prelim,Sat,3,17,2,Rafael Rasmussen,10,1
2025-winter,prelim,Sat,3,17,3,Diego Varela,7,0
2025-winter,prelim,Sat,3,17,4,Nora Kessler,8,0
2025-winter,prelim,Sat,3,18,1,Omar Whitfield,7,0
2025-winter,prelim,Sat,3,18,2,Nadia Ortega,2,0
2025-winter,prelim,Sat,3,18,3,Orin Quintero,7,0
2025-winter,prelim,Sat,3,18,4,Keisha Brandt,10,1
2025-winter,semi,,1,1,1,Emil Patel,5,0
2025-winter,semi,,1,1,2,Keisha Brandt,4,0
2025-winter,semi,,1,1,3,Theo Barnwell,10,1
2025-winter,semi,,1,1,4,Idris Lindqvist,5,0
2025-winter,semi,,1,2,1,Priya Castellanos,5,0
2025-winter,semi,,1,2,2,Pia Yilmaz,6,0
2025-winter,semi,,1,2,3,Emil Castillo,10,1
2025-winter,semi,,1,2,4,Diego Varela,6,0
2025-winter,semi,,1,3,1,Farah Reyes,10,1
2025-winter,semi,,1,3,2,Kemi Jensen,4,0
2025-winter,semi,,1,3,3,Kofi Jensen,8,0
2025-winter,semi,,1,3,4,Vera Sato,6,0
2025-winter,semi,,1,4,1,Arjun Kowalski,6,0
2025-winter,semi,,1,4,2,Rafael Abernathy,4,0
2025-winter,semi,,1,4,3,Delia Whitaker,11,1
2025-winter,semi,,1,4,4,Dani Achterberg,5,0
2025-winter,final,,1,1,1,Theo Barnwell,10,1
2025-winter,final,,1,1,2,Emil Castillo,6,0
2025-winter,final,,1,1,3,Farah Reyes,8,0
2025-winter,final,,1,1,4,Delia Whitaker,6,0
2025-spring,prelim,Sat,1,1,1,Lena Marsh,6,0
2025-spring,prelim,Sat,1,1,2,Yusuf Whitaker,5,0
2025-spring,prelim,Sat,1,1,3,Nadia Zeller,4,0
2025-spring,prelim,Sat,1,1,4,Delia Whitaker,10,1
2025-spring,prelim,Sat,1,2,1,Seth Holm,4,0
2025-spring,prelim,Sat,1,2,2,Gideon Ellison,7,0
2025-spring,prelim,Sat,1,2,3,Rafael Abernathy,10,1
2025-spring,prelim,Sat,1,2,4,Juno Ibarra,6,0
2025-spring,prelim,Sat,1,3,1,Dmitri Adebayo,10,1
2025-spring,prelim,Sat,1,3,2,Arjun Toth,4,0
2025-spring,prelim,Sat,1,3,3,Yusuf Engel,4,0
2025-spring,prelim,Sat,1,3,4,Kemi Whitaker,6,0
2025-spring,prelim,Sat,1,4,1,Caleb Ortega,11,1
2025-spring,prelim,Sat,1,4,2,Hana Abernathy,4,0
2025-spring,prelim,Sat,1,4,3,Xochi Marsh,7,0
2025-spring,prelim,Sat,1,4,4,Omar Whitfield,6,0
2025-spring,prelim,Sat,1,5,1,Juno Zeller,3,0
2025-spring,prelim,Sat,1,5,2,Kemi Ortega,8,0
2025-spring,prelim,Sat,1,5,3,Jonah Joshi,6,0
2025-spring,prelim,Sat,1,5,4,Grace Liang,10,1
2025-spring,prelim,Sat,1,6,1,Tova Ueda,8,0
2025-spring,prelim,Sat,1,6,2,Ravi Sundaram,4,0
2025-spring,prelim,Sat,1,6,3,Jun Nakashima,2,0
2025-spring,prelim,Sat,1,6,4,Nora Kessler,11,1
2025-spring,prelim,Sat,1,7,1,Esme Ferreira,6,0
2025-spring,prelim,Sat,1,7,2,Mateo Mendez,10,1
2025-spring,prelim,Sat,1,7,3,Caleb Castillo,6,0
2025-spring,prelim,Sat,1,7,4,Theo Barnwell,5,0
2025-spring,prelim,Sat,1,8,1,Pia Dubois,11,1
2025-spring,prelim,Sat,1,8,2,Wes Sato,4,0
2025-spring,prelim,Sat,1,8,3,Pablo Duarte,6,0
2025-spring,prelim,Sat,1,8,4,Esme Yilmaz,4,0
2025-spring,prelim,Sat,1,9,1,Arjun Kowalski,6,0
2025-spring,prelim,Sat,1,9,2,Idris Lindqvist,11,1
2025-spring,prelim,Sat,1,9,3,Orin Fitzgerald,3,0
2025-spring,prelim,Sat,1,9,4,Nico Adebayo,6,0
2025-spring,prelim,Sat,1,10,1,Gus Hartley,4,0
2025-spring,prelim,Sat,1,10,2,Marcus Delgado,10,1
2025-spring,prelim,Sat,1,10,3,Farah Ortega,6,0
2025-spring,prelim,Sat,1,10,4,Tova Reyes,6,0
2025-spring,prelim,Sat,2,1,1,Arjun Toth,10,1
2025-spring,prelim,Sat,2,1,2,Xochi Marsh,7,0
2025-spring,prelim,Sat,2,1,3,Orin Fitzgerald,5,0
2025-spring,prelim,Sat,2,1,4,Pablo Duarte,2,0
2025-spring,prelim,Sat,2,2,1,Mateo Mendez,5,0
2025-spring,prelim,Sat,2,2,2,Dmitri Adebayo,6,0
2025-spring,prelim,Sat,2,2,3,Delia Whitaker,10,1
2025-spring,prelim,Sat,2,2,4,Nadia Zeller,7,0
2025-spring,prelim,Sat,2,3,1,Rafael Abernathy,6,0
2025-spring,prelim,Sat,2,3,2,Ravi Sundaram,5,0
2025-spring,prelim,Sat,2,3,3,Tova Reyes,10,1
2025-spring,prelim,Sat,2,3,4,Farah Ortega,5,0
2025-spring,prelim,Sat,2,4,1,Lena Marsh,4,0
2025-spring,prelim,Sat,2,4,2,Kemi Whitaker,10,1
2025-spring,prelim,Sat,2,4,3,Caleb Ortega,4,0
2025-spring,prelim,Sat,2,4,4,Nora Kessler,7,0
2025-spring,prelim,Sat,2,5,1,Yusuf Engel,7,0
2025-spring,prelim,Sat,2,5,2,Kemi Ortega,10,1
2025-spring,prelim,Sat,2,5,3,Wes Sato,5,0
2025-spring,prelim,Sat,2,5,4,Seth Holm,4,0
2025-spring,prelim,Sat,2,6,1,Grace Liang,4,0
2025-spring,prelim,Sat,2,6,2,Jonah Joshi,4,0
2025-spring,prelim,Sat,2,6,3,Jun Nakashima,10,1
2025-spring,prelim,Sat,2,6,4,Idris Lindqvist,7,0
2025-spring,prelim,Sat,2,7,1,Theo Barnwell,6,0
2025-spring,prelim,Sat,2,7,2,Omar Whitfield,5,0
2025-spring,prelim,Sat,2,7,3,Arjun Kowalski,10,1
2025-spring,prelim,Sat,2,7,4,Esme Yilmaz,4,0
2025-spring,prelim,Sat,2,8,1,Juno Ibarra,11,1
2025-spring,prelim,Sat,2,8,2,Gideon Ellison,3,0
2025-spring,prelim,Sat,2,8,3,Hana Abernathy,5,0
2025-spring,prelim,Sat,2,8,4,Pia Dubois,4,0
2025-spring,prelim,Sat,2,9,1,Esme Ferreira,6,0
2025-spring,prelim,Sat,2,9,2,Gus Hartley,5,0
2025-spring,prelim,Sat,2,9,3,Tova Ueda,4,0
2025-spring,prelim,Sat,2,9,4,Nico Adebayo,10,1
2025-spring,prelim,Sat,2,10,1,Juno Zeller,5,0
2025-spring,prelim,Sat,2,10,2,Marcus Delgado,10,1
2025-spring,prelim,Sat,2,10,3,Yusuf Whitaker,8,0
2025-spring,prelim,Sat,2,10,4,Caleb Castillo,3,0
2025-spring,prelim,Sat,3,1,1,Juno Zeller,6,0
2025-spring,prelim,Sat,3,1,2,Xochi Marsh,10,1
2025-spring,prelim,Sat,3,1,3,Juno Ibarra,7,0
2025-spring,prelim,Sat,3,1,4,Arjun Kowalski,4,0
2025-spring,prelim,Sat,3,2,1,Nico Adebayo,11,1
2025-spring,prelim,Sat,3,2,2,Jonah Joshi,4,0
2025-spring,prelim,Sat,3,2,3,Kemi Whitaker,6,0
2025-spring,prelim,Sat,3,2,4,Seth Holm,5,0
2025-spring,prelim,Sat,3,3,1,Marcus Delgado,10,1
2025-spring,prelim,Sat,3,3,2,Gideon Ellison,4,0
2025-spring,prelim,Sat,3,3,3,Pablo Duarte,2,0
2025-spring,prelim,Sat,3,3,4,Jun Nakashima,9,0
2025-spring,prelim,Sat,3,4,1,Dmitri Adebayo,5,0
2025-spring,prelim,Sat,3,4,2,Kemi Ortega,6,0
2025-spring,prelim,Sat,3,4,3,Tova Reyes,10,1
2025-spring,prelim,Sat,3,4,4,Nadia Zeller,6,0
2025-spring,prelim,Sat,3,5,1,Arjun Toth,5,0
2025-spring,prelim,Sat,3,5,2,Delia Whitaker,6,0
2025-spring,prelim,Sat,3,5,3,Omar Whitfield,10,1
2025-spring,prelim,Sat,3,5,4,Tova Ueda,2,0
2025-spring,prelim,Sat,3,6,1,Farah Ortega,6,0
2025-spring,prelim,Sat,3,6,2,Caleb Castillo,4,0
2025-spring,prelim,Sat,3,6,3,Idris Lindqvist,10,1
2025-spring,prelim,Sat,3,6,4,Hana Abernathy,6,0
2025-spring,prelim,Sat,3,7,1,Caleb Ortega,7,0
2025-spring,prelim,Sat,3,7,2,Grace Liang,10,1
2025-spring,prelim,Sat,3,7,3,Theo Barnwell,7,0
2025-spring,prelim,Sat,3,7,4,Gus Hartley,3,0
2025-spring,prelim,Sat,3,8,1,Lena Marsh,5,0
2025-spring,prelim,Sat,3,8,2,Ravi Sundaram,10,1
2025-spring,prelim,Sat,3,8,3,Yusuf Engel,4,0
2025-spring,prelim,Sat,3,8,4,Mateo Mendez,5,0
2025-spring,prelim,Sat,3,9,1,Pia Dubois,3,0
2025-spring,prelim,Sat,3,9,2,Rafael Abernathy,6,0
2025-spring,prelim,Sat,3,9,3,Yusuf Whitaker,6,0
2025-spring,prelim,Sat,3,9,4,Nora Kessler,10,1
2025-spring,prelim,Sat,3,10,1,Orin Fitzgerald,10,1
2025-spring,prelim,Sat,3,10,2,Esme Yilmaz,7,0
2025-spring,prelim,Sat,3,10,3,Wes Sato,5,0
2025-spring,prelim,Sat,3,10,4,Esme Ferreira,5,0
2025-spring,prelim,Sun,1,1,1,Dani Achterberg,9,0
2025-spring,prelim,Sun,1,1,2,Xochi Ellison,7,0
2025-spring,prelim,Sun,1,1,3,Hannah Ostrowski,10,1
2025-spring,prelim,Sun,1,1,4,Ellie Park,5,0
2025-spring,prelim,Sun,1,2,1,Odette Adebayo,10,1
2025-spring,prelim,Sun,1,2,2,Farah Ortega,5,0
2025-spring,prelim,Sun,1,2,3,Delia Sato,2,0
2025-spring,prelim,Sun,1,2,4,Pia Yilmaz,7,0
2025-spring,prelim,Sun,1,3,1,Marcus Delgado,6,0
2025-spring,prelim,Sun,1,3,2,Seth Jensen,10,1
2025-spring,prelim,Sun,1,3,3,Orin Fitzgerald,7,0
2025-spring,prelim,Sun,1,3,4,Kemi Ortega,4,0
2025-spring,prelim,Sun,1,4,1,Ravi Sundaram,6,0
2025-spring,prelim,Sun,1,4,2,Samir Haddad,10,1
2025-spring,prelim,Sun,1,4,3,Sana Abernathy,6,0
2025-spring,prelim,Sun,1,4,4,Pablo Holm,4,0
2025-spring,prelim,Sun,1,5,1,Seth Fitzgerald,5,0
2025-spring,prelim,Sun,1,5,2,Juno Zeller,5,0
2025-spring,prelim,Sun,1,5,3,Pia Lindqvist,10,1
2025-spring,prelim,Sun,1,5,4,Cyrus Rasmussen,3,0
2025-spring,prelim,Sun,1,6,1,Arjun Ferreira,6,0
2025-spring,prelim,Sun,1,6,2,Sana Fitzgerald,6,0
2025-spring,prelim,Sun,1,6,3,Fern Gallo,10,1
2025-spring,prelim,Sun,1,6,4,Zoe Ellison,4,0
2025-spring,prelim,Sun,1,7,1,Dmitri Brennan,5,0
2025-spring,prelim,Sun,1,7,2,Alex Engel,5,0
2025-spring,prelim,Sun,1,7,3,Esme Novak,6,0
2025-spring,prelim,Sun,1,7,4,Pia Dubois,11,1
2025-spring,prelim,Sun,1,8,1,Wes Holm,10,1
2025-spring,prelim,Sun,1,8,2,Orin Quintero,7,0
2025-spring,prelim,Sun,1,8,3,Maya Ferreira,5,0
2025-spring,prelim,Sun,1,8,4,Quinn Patel,2,0
2025-spring,prelim,Sun,1,9,1,Gideon Fitzgerald,7,0
2025-spring,prelim,Sun,1,9,2,Esme Zeller,5,0
2025-spring,prelim,Sun,1,9,3,Diego Varela,10,1
2025-spring,prelim,Sun,1,9,4,Leah Fontaine,5,0
2025-spring,prelim,Sun,2,1,1,Pablo Holm,5,0
2025-spring,prelim,Sun,2,1,2,Pia Dubois,7,0
2025-spring,prelim,Sun,2,1,3,Zoe Ellison,10,1
2025-spring,prelim,Sun,2,1,4,Ellie Park,4,0
2025-spring,prelim,Sun,2,2,1,Sana Abernathy,6,0
2025-spring,prelim,Sun,2,2,2,Cyrus Rasmussen,7,0
2025-spring,prelim,Sun,2,2,3,Esme Zeller,5,0
2025-spring,prelim,Sun,2,2,4,Dmitri Brennan,10,1
2025-spring,prelim,Sun,2,3,1,Dani Achterberg,10,1
2025-spring,prelim,Sun,2,3,2,Diego Varela,7,0
2025-spring,prelim,Sun,2,3,3,Delia Sato,5,0
2025-spring,prelim,Sun,2,3,4,Orin Fitzgerald,5,0
2025-spring,prelim,Sun,2,4,1,Juno Zeller,3,0
2025-spring,prelim,Sun,2,4,2,Orin Quintero,4,0
2025-spring,prelim,Sun,2,4,3,Seth Fitzgerald,5,0
2025-spring,prelim,Sun,2,4,4,Marcus Delgado,10,1
2025-spring,prelim,Sun,2,5,1,Sana Fitzgerald,2,0
2025-spring,prelim,Sun,2,5,2,Seth Jensen,4,0
2025-spring,prelim,Sun,2,5,3,Samir Haddad,7,0
2025-spring,prelim,Sun,2,5,4,Hannah Ostrowski,10,1
2025-spring,prelim,Sun,2,6,1,Pia Yilmaz,10,1
2025-spring,prelim,Sun,2,6,2,Arjun Ferreira,8,0
2025-spring,prelim,Sun,2,6,3,Farah Ortega,4,0
2025-spring,prelim,Sun,2,6,4,Pia Lindqvist,4,0
2025-spring,prelim,Sun,2,7,1,Esme Novak,10,1
2025-spring,prelim,Sun,2,7,2,Fern Gallo,6,0
2025-spring,prelim,Sun,2,7,3,Odette Adebayo,5,0
2025-spring,prelim,Sun,2,7,4,Quinn Patel,5,0
2025-spring,prelim,Sun,2,8,1,Gideon Fitzgerald,7,0
2025-spring,prelim,Sun,2,8,2,Kemi Ortega,5,0
2025-spring,prelim,Sun,2,8,3,Wes Holm,6,0
2025-spring,prelim,Sun,2,8,4,Maya Ferreira,10,1
2025-spring,prelim,Sun,2,9,1,Alex Engel,6,0
2025-spring,prelim,Sun,2,9,2,Ravi Sundaram,4,0
2025-spring,prelim,Sun,2,9,3,Xochi Ellison,5,0
2025-spring,prelim,Sun,2,9,4,Leah Fontaine,10,1
2025-spring,prelim,Sun,3,1,1,Seth Fitzgerald,6,0
2025-spring,prelim,Sun,3,1,2,Wes Holm,10,1
2025-spring,prelim,Sun,3,1,3,Quinn Patel,5,0
2025-spring,prelim,Sun,3,1,4,Pia Lindqvist,6,0
2025-spring,prelim,Sun,3,2,1,Xochi Ellison,10,1
2025-spring,prelim,Sun,3,2,2,Esme Zeller,7,0
2025-spring,prelim,Sun,3,2,3,Gideon Fitzgerald,3,0
2025-spring,prelim,Sun,3,2,4,Pablo Holm,6,0
2025-spring,prelim,Sun,3,3,1,Alex Engel,4,0
2025-spring,prelim,Sun,3,3,2,Seth Jensen,8,0
2025-spring,prelim,Sun,3,3,3,Kemi Ortega,6,0
2025-spring,prelim,Sun,3,3,4,Ravi Sundaram,10,1
2025-spring,prelim,Sun,3,4,1,Esme Novak,10,1
2025-spring,prelim,Sun,3,4,2,Pia Yilmaz,7,0
2025-spring,prelim,Sun,3,4,3,Farah Ortega,3,0
2025-spring,prelim,Sun,3,4,4,Delia Sato,7,0
2025-spring,prelim,Sun,3,5,1,Pia Dubois,6,0
2025-spring,prelim,Sun,3,5,2,Marcus Delgado,10,1
2025-spring,prelim,Sun,3,5,3,Dani Achterberg,8,0
2025-spring,prelim,Sun,3,5,4,Zoe Ellison,5,0
2025-spring,prelim,Sun,3,6,1,Hannah Ostrowski,10,1
2025-spring,prelim,Sun,3,6,2,Cyrus Rasmussen,4,0
2025-spring,prelim,Sun,3,6,3,Leah Fontaine,7,0
2025-spring,prelim,Sun,3,6,4,Orin Fitzgerald,7,0
2025-spring,prelim,Sun,3,7,1,Diego Varela,5,0
2025-spring,prelim,Sun,3,7,2,Sana Abernathy,10,1
2025-spring,prelim,Sun,3,7,3,Juno Zeller,3,0
2025-spring,prelim,Sun,3,7,4,Fern Gallo,6,0
2025-spring,prelim,Sun,3,8,1,Maya Ferreira,3,0
2025-spring,prelim,Sun,3,8,2,Sana Fitzgerald,5,0
2025-spring,prelim,Sun,3,8,3,Orin Quintero,10,1
2025-spring,prelim,Sun,3,8,4,Samir Haddad,5,0
2025-spring,prelim,Sun,3,9,1,Arjun Ferreira,5,0
2025-spring,prelim,Sun,3,9,2,Ellie Park,7,0
2025-spring,prelim,Sun,3,9,3,Dmitri Brennan,10,1
2025-spring,prelim,Sun,3,9,4,Odette Adebayo,6,0
2025-spring,semi,,1,1,1,Marcus Delgado,5,0
2025-spring,semi,,1,1,2,Tova Reyes,5,0
2025-spring,semi,,1,1,3,Esme Novak,10,1
2025-spring,semi,,1,1,4,Kemi Ortega,6,0
2025-spring,semi,,1,2,1,Hannah Ostrowski,6,0
2025-spring,semi,,1,2,2,Wes Holm,11,1
2025-spring,semi,,1,2,3,Dmitri Brennan,6,0
2025-spring,semi,,1,2,4,Xochi Marsh,4,0
2025-spring,semi,,1,3,1,Nora Kessler,4,0
2025-spring,semi,,1,3,2,Delia Whitaker,7,0
2025-spring,semi,,1,3,3,Grace Liang,10,1
2025-spring,semi,,1,3,4,Pia Yilmaz,4,0
2025-spring,semi,,1,4,1,Idris Lindqvist,10,1
2025-spring,semi,,1,4,2,Nico Adebayo,6,0
2025-spring,semi,,1,4,3,Dani Achterberg,6,0
2025-spring,semi,,1,4,4,Juno Ibarra,3,0
2025-spring,final,,1,1,1,Esme Novak,7,0
2025-spring,final,,1,1,2,Wes Holm,4,0
2025-spring,final,,1,1,3,Grace Liang,11,1
2025-spring,final,,1,1,4,Idris Lindqvist,5,0
2025-summer,prelim,Sat,1,1,1,Jonah Joshi,6,0
2025-summer,prelim,Sat,1,1,2,Hiro Coleman,7,0
2025-summer,prelim,Sat,1,1,3,Omar Whitfield,11,1
2025-summer,prelim,Sat,1,1,4,Ravi Sundaram,2,0
2025-summer,prelim,Sat,1,2,1,Wes Holm,10,1
2025-summer,prelim,Sat,1,2,2,Dmitri Brennan,5,0
2025-summer,prelim,Sat,1,2,3,Pia Ueda,7,0
2025-summer,prelim,Sat,1,2,4,Leah Fontaine,6,0
2025-summer,prelim,Sat,1,3,1,Pia Yilmaz,10,1
2025-summer,prelim,Sat,1,3,2,Pablo Holm,7,0
2025-summer,prelim,Sat,1,3,3,Nico Patel,5,0
2025-summer,prelim,Sat,1,3,4,Uri Castillo,5,0
2025-summer,prelim,Sat,1,4,1,Lena Holm,10,1
2025-summer,prelim,Sat,1,4,2,Rafael Abernathy,3,0
2025-summer,prelim,Sat,1,4,3,Quinn Zeller,6,0
2025-summer,prelim,Sat,1,4,4,Kemi Jensen,7,0
2025-summer,prelim,Sat,1,5,1,Yusuf Whitaker,7,0
2025-summer,prelim,Sat,1,5,2,Pablo Abernathy,5,0
2025-summer,prelim,Sat,1,5,3,Felix Moreau,10,1
2025-summer,prelim,Sat,1,5,4,Idris Castillo,4,0
2025-summer,prelim,Sat,1,6,1,Diego Varela,7,0
2025-summer,prelim,Sat,1,6,2,Gideon Coleman,3,0
2025-summer,prelim,Sat,1,6,3,Vera Fitzgerald,5,0
2025-summer,prelim,Sat,1,6,4,Hiro Holm,10,1
2025-summer,prelim,Sat,1,7,1,Kemi Kaplan,5,0
2025-summer,prelim,Sat,1,7,2,Nico Marsh,6,0
2025-summer,prelim,Sat,1,7,3,Nadia Ortega,11,1
2025-summer,prelim,Sat,1,7,4,Gideon Fitzgerald,3,0
2025-summer,prelim,Sat,1,8,1,Maya Tremblay,3,0
2025-summer,prelim,Sat,1,8,2,Gus Hartley,10,1
2025-summer,prelim,Sat,1,8,3,Kofi Jensen,7,0
2025-summer,prelim,Sat,1,8,4,Nico Adebayo,7,0
2025-summer,prelim,Sat,1,9,1,Sana Abernathy,2,0
2025-summer,prelim,Sat,1,9,2,Dani Achterberg,10,1
2025-summer,prelim,Sat,1,9,3,Grace Liang,7,0
2025-summer,prelim,Sat,1,9,4,Odette Adebayo,7,0
2025-summer,prelim,Sat,1,10,1,Hana Brennan,5,0
2025-summer,prelim,Sat,1,10,2,Dmitri Adebayo,4,0
2025-summer,prelim,Sat,1,10,3,Alex Bianchi,10,1
2025-summer,prelim,Sat,1,10,4,Esme Yilmaz,5,0
2025-summer,prelim,Sat,1,11,1,Cyrus Rasmussen,3,0
2025-summer,prelim,Sat,1,11,2,Alex Engel,8,0
2025-summer,prelim,Sat,1,11,3,Lena Marsh,6,0
2025-summer,prelim,Sat,1,11,4,Samir Haddad,10,1
2025-summer,prelim,Sat,1,12,1,Marcus Delgado,4,0
2025-summer,prelim,Sat,1,12,2,Sana Lowery,7,0
2025-summer,prelim,Sat,1,12,3,Mateo Hartley,10,1
2025-summer,prelim,Sat,1,12,4,Arjun Ferreira,3,0
2025-summer,prelim,Sat,1,13,1,Emil Patel,11,1
2025-summer,prelim,Sat,1,13,2,Kemi Whitaker,8,0
2025-summer,prelim,Sat,1,13,3,Ines Mendez,2,0
2025-summer,prelim,Sat,1,13,4,Quinn Rasmussen,6,0
2025-summer,prelim,Sat,1,14,1,Wes Sato,10,1
2025-summer,prelim,Sat,1,14,2,Xochi Toth,5,0
2025-summer,prelim,Sat,1,14,3,Kemi Ortega,6,0
2025-summer,prelim,Sat,1,14,4,Pia Marsh,7,0
2025-summer,prelim,Sat,1,15,1,Xochi Ellison,4,0
2025-summer,prelim,Sat,1,15,2,Juno Zeller,10,1
2025-summer,prelim,Sat,1,15,3,Esme Zeller,6,0
2025-summer,prelim,Sat,1,15,4,Zoe Lindqvist,6,0
2025-summer,prelim,Sat,1,16,1,Juno Ibarra,4,0
2025-summer,prelim,Sat,1,16,2,Priya Castellanos,10,1
2025-summer,prelim,Sat,1,16,3,Delia Whitaker,6,0
2025-summer,prelim,Sat,1,16,4,Vera Holm,7,0
2025-summer,prelim,Sat,1,17,1,Nadia Zeller,10,1
2025-summer,prelim,Sat,1,17,2,Rosa Okafor,5,0
2025-summer,prelim,Sat,1,17,3,Bianca Nakamura,9,0
2025-summer,prelim,Sat,1,17,4,Uri Toth,5,0
2025-summer,prelim,Sat,1,18,1,Alex Fitzgerald,6,0
2025-summer,prelim,Sat,1,18,2,Kemi Marsh,10,1
2025-summer,prelim,Sat,1,18,3,Theo Barnwell,7,0
2025-summer,prelim,Sat,1,18,4,Cyrus Duarte,5,0
2025-summer,prelim,Sat,1,19,1,Nora Kessler,10,1
2025-summer,prelim,Sat,1,19,2,Luca Yilmaz,4,0
2025-summer,prelim,Sat,1,19,3,Delia Sato,8,0
2025-summer,prelim,Sat,1,19,4,Keisha Brandt,6,0
2025-summer,prelim,Sat,2,1,1,Nico Marsh,4,0
2025-summer,prelim,Sat,2,1,2,Alex Fitzgerald,10,1
2025-summer,prelim,Sat,2,1,3,Idris Castillo,6,0
2025-summer,prelim,Sat,2,1,4,Kemi Jensen,7,0
2025-summer,prelim,Sat,2,2,1,Rosa Okafor,3,0
2025-summer,prelim,Sat,2,2,2,Kemi Ortega,6,0
2025-summer,prelim,Sat,2,2,3,Dmitri Brennan,10,1
2025-summer,prelim,Sat,2,2,4,Uri Toth,6,0
2025-summer,prelim,Sat,2,3,1,Juno Ibarra,6,0
2025-summer,prelim,Sat,2,3,2,Pia Yilmaz,8,0
2025-summer,prelim,Sat,2,3,3,Marcus Delgado,4,0
2025-summer,prelim,Sat,2,3,4,Felix Moreau,10,1
2025-summer,prelim,Sat,2,4,1,Nico Adebayo,5,0
2025-summer,prelim,Sat,2,4,2,Alex Bianchi,5,0
2025-summer,prelim,Sat,2,4,3,Alex Engel,10,1
2025-summer,prelim,Sat,2,4,4,Wes Sato,4,0
2025-summer,prelim,Sat,2,5,1,Cyrus Duarte,10,1
2025-summer,prelim,Sat,2,5,2,Nadia Zeller,3,0
2025-summer,prelim,Sat,2,5,3,Emil Patel,7,0
2025-summer,prelim,Sat,2,5,4,Quinn Zeller,6,0
2025-summer,prelim,Sat,2,6,1,Pia Marsh,5,0
2025-summer,prelim,Sat,2,6,2,Dani Achterberg,10,1
2025-summer,prelim,Sat,2,6,3,Lena Holm,6,0
2025-summer,prelim,Sat,2,6,4,Keisha Brandt,3,0
2025-summer,prelim,Sat,2,7,1,Juno Zeller,6,0
2025-summer,prelim,Sat,2,7,2,Kofi Jensen,10,1
2025-summer,prelim,Sat,2,7,3,Yusuf Whitaker,7,0
2025-summer,prelim,Sat,2,7,4,Hana Brennan,4,0
2025-summer,prelim,Sat,2,8,1,Uri Castillo,4,0
2025-summer,prelim,Sat,2,8,2,Ravi Sundaram,8,0
2025-summer,prelim,Sat,2,8,3,Omar Whitfield,10,1
2025-summer,prelim,Sat,2,8,4,Gideon Coleman,3,0
2025-summer,prelim,Sat,2,9,1,Vera Holm,8,0
2025-summer,prelim,Sat,2,9,2,Bianca Nakamura,4,0
2025-summer,prelim,Sat,2,9,3,Arjun Ferreira,10,1
2025-summer,prelim,Sat,2,9,4,Pia Ueda,5,0
2025-summer,prelim,Sat,2,10,1,Esme Zeller,7,0
2025-summer,prelim,Sat,2,10,2,Nico Patel,3,0
2025-summer,prelim,Sat,2,10,3,Rafael Abernathy,8,0
2025-summer,prelim,Sat,2,10,4,Wes Holm,10,1
2025-summer,prelim,Sat,2,11,1,Delia Whitaker,10,1
2025-summer,prelim,Sat,2,11,2,Pablo Holm,6,0
2025-summer,prelim,Sat,2,11,3,Pablo Abernathy,4,0
2025-summer,prelim,Sat,2,11,4,Sana Abernathy,6,0
2025-summer,prelim,Sat,2,12,1,Ines Mendez,5,0
2025-summer,prelim,Sat,2,12,2,Mateo Hartley,5,0
2025-summer,prelim,Sat,2,12,3,Delia Sato,5,0
2025-summer,prelim,Sat,2,12,4,Zoe Lindqvist,10,1
2025-summer,prelim,Sat,2,13,1,Leah Fontaine,6,0
2025-summer,prelim,Sat,2,13,2,Kemi Marsh,4,0
2025-summer,prelim,Sat,2,13,3,Jonah Joshi,10,1
2025-summer,prelim,Sat,2,13,4,Xochi Ellison,5,0
2025-summer,prelim,Sat,2,14,1,Gus Hartley,11,1
2025-summer,prelim,Sat,2,14,2,Sana Lowery,3,0
2025-summer,prelim,Sat,2,14,3,Hiro Coleman,5,0
2025-summer,prelim,Sat,2,14,4,Dmitri Adebayo,6,0
2025-summer,prelim,Sat,2,15,1,Luca Yilmaz,8,0
2025-summer,prelim,Sat,2,15,2,Nora Kessler,10,1
2025-summer,prelim,Sat,2,15,3,Maya Tremblay,4,0
2025-summer,prelim,Sat,2,15,4,Quinn Rasmussen,7,0
2025-summer,prelim,Sat,2,16,1,Cyrus Rasmussen,4,0
2025-summer,prelim,Sat,2,16,2,Priya Castellanos,8,0
2025-summer,prelim,Sat,2,16,3,Xochi Toth,4,0
2025-summer,prelim,Sat,2,16,4,Samir Haddad,10,1
2025-summer,prelim,Sat,2,17,1,Nadia Ortega,5,0
2025-summer,prelim,Sat,2,17,2,Theo Barnwell,7,0
2025-summer,prelim,Sat,2,17,3,Hiro Holm,10,1
2025-summer,prelim,Sat,2,17,4,Diego Varela,5,0
2025-summer,prelim,Sat,2,18,1,Grace Liang,7,0
2025-summer,prelim,Sat,2,18,2,Lena Marsh,6,0
2025-summer,prelim,Sat,2,18,3,Gideon Fitzgerald,6,0
2025-summer,prelim,Sat,2,18,4,Kemi Whitaker,10,1
2025-summer,prelim,Sat,2,19,1,Esme Yilmaz,4,0
2025-summer,prelim,Sat,2,19,2,Odette Adebayo,10,1
2025-summer,prelim,Sat,2,19,3,Vera Fitzgerald,5,0
2025-summer,prelim,Sat,2,19,4,Kemi Kaplan,3,0
2025-summer,prelim,Sat,3,1,1,Maya Tremblay,4,0
2025-summer,prelim,Sat,3,1,2,Alex Bianchi,6,0
2025-summer,prelim,Sat,3,1,3,Hiro Holm,7,0
2025-summer,prelim,Sat,3,1,4,Vera Holm,10,1
2025-summer,prelim,Sat,3,2,1,Mateo Hartley,10,1
2025-summer,prelim,Sat,3,2,2,Sana Lowery,5,0
2025-summer,prelim,Sat,3,2,3,Nadia Zeller,2,0
2025-summer,prelim,Sat,3,2,4,Rosa Okafor,4,0
2025-summer,prelim,Sat,3,3,1,Vera Fitzgerald,7,0
2025-summer,prelim,Sat,3,3,2,Cyrus Duarte,7,0
2025-summer,prelim,Sat,3,3,3,Hiro Coleman,3,0
2025-summer,prelim,Sat,3,3,4,Rafael Abernathy,10,1
2025-summer,prelim,Sat,3,4,1,Quinn Zeller,10,1
2025-summer,prelim,Sat,3,4,2,Ines Mendez,4,0
2025-summer,prelim,Sat,3,4,3,Sana Abernathy,4,0
2025-summer,prelim,Sat,3,4,4,Idris Castillo,7,0
2025-summer,prelim,Sat,3,5,1,Delia Whitaker,4,0
2025-summer,prelim,Sat,3,5,2,Jonah Joshi,3,0
2025-summer,prelim,Sat,3,5,3,Diego Varela,5,0
2025-summer,prelim,Sat,3,5,4,Nico Marsh,10,1
2025-summer,prelim,Sat,3,6,1,Luca Yilmaz,10,1
2025-summer,prelim,Sat,3,6,2,Pablo Holm,7,0
2025-summer,prelim,Sat,3,6,3,Nico Adebayo,7,0
2025-summer,prelim,Sat,3,6,4,Leah Fontaine,7,0
2025-summer,prelim,Sat,3,7,1,Wes Holm,3,0
2025-summer,prelim,Sat,3,7,2,Juno Zeller,7,0
2025-summer,prelim,Sat,3,7,3,Dani Achterberg,10,1
2025-summer,prelim,Sat,3,7,4,Grace Liang,5,0
2025-summer,prelim,Sat,3,8,1,Gideon Coleman,4,0
2025-summer,prelim,Sat,3,8,2,Nadia Ortega,5,0
2025-summer,prelim,Sat,3,8,3,Uri Castillo,5,0
2025-summer,prelim,Sat,3,8,4,Nico Patel,11,1
2025-summer,prelim,Sat,3,9,1,Uri Toth,4,0
2025-summer,prelim,Sat,3,9,2,Pablo Abernathy,3,0
2025-summer,prelim,Sat,3,9,3,Marcus Delgado,10,1
2025-summer,prelim,Sat,3,9,4,Lena Holm,8,0
2025-summer,prelim,Sat,3,10,1,Juno Ibarra,7,0
2025-summer,prelim,Sat,3,10,2,Omar Whitfield,5,0
2025-summer,prelim,Sat,3,10,3,Kemi Marsh,4,0
2025-summer,prelim,Sat,3,10,4,Dmitri Brennan,10,1
2025-summer,prelim,Sat,3,11,1,Lena Marsh,7,0
2025-summer,prelim,Sat,3,11,2,Cyrus Rasmussen,10,1
2025-summer,prelim,Sat,3,11,3,Keisha Brandt,5,0
2025-summer,prelim,Sat,3,11,4,Wes Sato,2,0
2025-summer,prelim,Sat,3,12,1,Gus Hartley,10,1
2025-summer,prelim,Sat,3,12,2,Esme Yilmaz,5,0
2025-summer,prelim,Sat,3,12,3,Yusuf Whitaker,6,0
2025-summer,prelim,Sat,3,12,4,Kemi Kaplan,7,0
2025-summer,prelim,Sat,3,13,1,Hana Brennan,4,0
2025-summer,prelim,Sat,3,13,2,Bianca Nakamura,10,1
2025-summer,prelim,Sat,3,13,3,Kemi Jensen,7,0
2025-summer,prelim,Sat,3,13,4,Samir Haddad,5,0
2025-summer,prelim,Sat,3,14,1,Quinn Rasmussen,5,0
2025-summer,prelim,Sat,3,14,2,Kofi Jensen,10,1
2025-summer,prelim,Sat,3,14,3,Pia Yilmaz,6,0
2025-summer,prelim,Sat,3,14,4,Esme Zeller,3,0
2025-summer,prelim,Sat,3,15,1,Emil Patel,10,1
2025-summer,prelim,Sat,3,15,2,Alex Engel,6,0
2025-summer,prelim,Sat,3,15,3,Felix Moreau,7,0
2025-summer,prelim,Sat,3,15,4,Delia Sato,5,0
2025-summer,prelim,Sat,3,16,1,Arjun Ferreira,10,1
2025-summer,prelim,Sat,3,16,2,Pia Ueda,6,0
2025-summer,prelim,Sat,3,16,3,Ravi Sundaram,6,0
2025-summer,prelim,Sat,3,16,4,Dmitri Adebayo,4,0
2025-summer,prelim,Sat,3,17,1,Nora Kessler,5,0
2025-summer,prelim,Sat,3,17,2,Xochi Toth,4,0
2025-summer,prelim,Sat,3,17,3,Kemi Whitaker,5,0
2025-summer,prelim,Sat,3,17,4,Priya Castellanos,10,1
2025-summer,prelim,Sat,3,18,1,Alex Fitzgerald,5,0
2025-summer,prelim,Sat,3,18,2,Kemi Ortega,3,0
2025-summer,prelim,Sat,3,18,3,Pia Marsh,10,1
2025-summer,prelim,Sat,3,18,4,Gideon Fitzgerald,7,0
2025-summer,prelim,Sat,3,19,1,Theo Barnwell,10,1
2025-summer,prelim,Sat,3,19,2,Zoe Lindqvist,4,0
2025-summer,prelim,Sat,3,19,3,Xochi Ellison,3,0
2025-summer,prelim,Sat,3,19,4,Odette Adebayo,7,0
2025-summer,semi,,1,1,1,Gus Hartley,6,0
2025-summer,semi,,1,1,2,Omar Whitfield,6,0
2025-summer,semi,,1,1,3,Mateo Hartley,3,0
2025-summer,semi,,1,1,4,Odette Adebayo,10,1
2025-summer,semi,,1,2,1,Dani Achterberg,10,1
2025-summer,semi,,1,2,2,Felix Moreau,4,0
2025-summer,semi,,1,2,3,Dmitri Brennan,7,0
2025-summer,semi,,1,2,4,Vera Holm,6,0
2025-summer,semi,,1,3,1,Priya Castellanos,5,0
2025-summer,semi,,1,3,2,Hiro Holm,7,0
2025-summer,semi,,1,3,3,Samir Haddad,5,0
2025-summer,semi,,1,3,4,Wes Holm,10,1
2025-summer,semi,,1,4,1,Emil Patel,5,0
2025-summer,semi,,1,4,2,Kofi Jensen,6,0
2025-summer,semi,,1,4,3,Nora Kessler,10,1
2025-summer,semi,,1,4,4,Arjun Ferreira,5,0
2025-summer,final,,1,1,1,Odette Adebayo,7,0
2025-summer,final,,1,1,2,Dani Achterberg,11,1
2025-summer,final,,1,1,3,Wes Holm,6,0
2025-summer,final,,1,1,4,Nora Kessler,6,0
2025-fall,prelim,Sat,1,1,1,Pia Dubois,3,0
2025-fall,prelim,Sat,1,1,2,Alex Fitzgerald,10,1
2025-fall,prelim,Sat,1,1,3,Ines Bianchi,7,0
2025-fall,prelim,Sat,1,1,4,Juno Pruitt,6,0
2025-fall,prelim,Sat,1,2,1,Rafael Abernathy,4,0
2025-fall,prelim,Sat,1,2,2,Pia Ueda,10,1
2025-fall,prelim,Sat,1,2,3,Zoe Ellison,9,0
2025-fall,prelim,Sat,1,2,4,Emil Patel,4,0
2025-fall,prelim,Sat,1,3,1,Priya Castellanos,7,0
2025-fall,prelim,Sat,1,3,2,Esme Novak,3,0
2025-fall,prelim,Sat,1,3,3,Dmitri Adebayo,10,1
2025-fall,prelim,Sat,1,3,4,Luca Yilmaz,7,0
2025-fall,prelim,Sat,1,4,1,Nico Adebayo,10,1
2025-fall,prelim,Sat,1,4,2,Delia Sato,5,0
2025-fall,prelim,Sat,1,4,3,Luca Lindqvist,6,0
2025-fall,prelim,Sat,1,4,4,Mateo Hartley,5,0
2025-fall,prelim,Sat,1,5,1,Bree Sato,5,0
2025-fall,prelim,Sat,1,5,2,Xochi Toth,7,0
2025-fall,prelim,Sat,1,5,3,Hana Marsh,10,1
2025-fall,prelim,Sat,1,5,4,Esme Yilmaz,8,0
2025-fall,prelim,Sat,1,6,1,Kemi Whitaker,5,0
2025-fall,prelim,Sat,1,6,2,Caleb Engel,5,0
2025-fall,prelim,Sat,1,6,3,Tova Reyes,10,1
2025-fall,prelim,Sat,1,6,4,Idris Lindqvist,3,0
2025-fall,prelim,Sat,1,7,1,Mateo Mendez,10,1
2025-fall,prelim,Sat,1,7,2,Lena Marsh,5,0
2025-fall,prelim,Sat,1,7,3,Fern Gallo,7,0
2025-fall,prelim,Sat,1,7,4,Pablo Abernathy,6,0
2025-fall,prelim,Sat,1,8,1,Hannah Ostrowski,10,1
2025-fall,prelim,Sat,1,8,2,Maya Ferreira,6,0
2025-fall,prelim,Sat,1,8,3,Pablo Holm,2,0
2025-fall,prelim,Sat,1,8,4,Jonah Joshi,6,0
2025-fall,prelim,Sat,1,9,1,Emil Okafor,6,0
2025-fall,prelim,Sat,1,9,2,Kemi Ortega,5,0
2025-fall,prelim,Sat,1,9,3,Samir Haddad,10,1
2025-fall,prelim,Sat,1,9,4,Dmitri Toth,7,0
2025-fall,prelim,Sat,1,10,1,Theo Barnwell,6,0
2025-fall,prelim,Sat,1,10,2,Kemi Jensen,10,1
2025-fall,prelim,Sat,1,10,3,Lena Holm,6,0
2025-fall,prelim,Sat,1,10,4,Hiro Coleman,2,0
2025-fall,prelim,Sat,2,1,1,Mateo Mendez,5,0
2025-fall,prelim,Sat,2,1,2,Dmitri Toth,5,0
2025-fall,prelim,Sat,2,1,3,Fern Gallo,7,0
2025-fall,prelim,Sat,2,1,4,Priya Castellanos,10,1
2025-fall,prelim,Sat,2,2,1,Samir Haddad,6,0
2025-fall,prelim,Sat,2,2,2,Lena Holm,5,0
2025-fall,prelim,Sat,2,2,3,Esme Novak,5,0
2025-fall,prelim,Sat,2,2,4,Kemi Whitaker,10,1
2025-fall,prelim,Sat,2,3,1,Bree Sato,10,1
2025-fall,prelim,Sat,2,3,2,Jonah Joshi,6,0
2025-fall,prelim,Sat,2,3,3,Caleb Engel,6,0
2025-fall,prelim,Sat,2,3,4,Alex Fitzgerald,4,0
2025-fall,prelim,Sat,2,4,1,Esme Yilmaz,4,0
2025-fall,prelim,Sat,2,4,2,Hana Marsh,10,1
2025-fall,prelim,Sat,2,4,3,Emil Okafor,7,0
2025-fall,prelim,Sat,2,4,4,Pia Ueda,4,0
2025-fall,prelim,Sat,2,5,1,Theo Barnwell,6,0
2025-fall,prelim,Sat,2,5,2,Hiro Coleman,10,1
2025-fall,prelim,Sat,2,5,3,Kemi Ortega,3,0
2025-fall,prelim,Sat,2,5,4,Mateo Hartley,6,0
2025-fall,prelim,Sat,2,6,1,Emil Patel,10,1
2025-fall,prelim,Sat,2,6,2,Ines Bianchi,7,0
2025-fall,prelim,Sat,2,6,3,Pablo Holm,4,0
2025-fall,prelim,Sat,2,6,4,Idris Lindqvist,7,0
2025-fall,prelim,Sat,2,7,1,Rafael Abernathy,6,0
2025-fall,prelim,Sat,2,7,2,Maya Ferreira,6,0
2025-fall,prelim,Sat,2,7,3,Tova Reyes,10,1
2025-fall,prelim,Sat,2,7,4,Dmitri Adebayo,2,0
2025-fall,prelim,Sat,2,8,1,Pablo Abernathy,11,1
2025-fall,prelim,Sat,2,8,2,Zoe Ellison,5,0
2025-fall,prelim,Sat,2,8,3,Luca Yilmaz,5,0
2025-fall,prelim,Sat,2,8,4,Lena Marsh,5,0
2025-fall,prelim,Sat,2,9,1,Luca Lindqvist,7,0
2025-fall,prelim,Sat,2,9,2,Hannah Ostrowski,10,1
2025-fall,prelim,Sat,2,9,3,Nico Adebayo,5,0
2025-fall,prelim,Sat,2,9,4,Pia Dubois,6,0
2025-fall,prelim,Sat,2,10,1,Kemi Jensen,10,1
2025-fall,prelim,Sat,2,10,2,Delia Sato,3,0
2025-fall,prelim,Sat,2,10,3,Xochi Toth,4,0
2025-fall,prelim,Sat,2,10,4,Juno Pruitt,6,0
2025-fall,prelim,Sat,3,1,1,Mateo Hartley,10,1
2025-fall,prelim,Sat,3,1,2,Fern Gallo,4,0
2025-fall,prelim,Sat,3,1,3,Hiro Coleman,6,0
2025-fall,prelim,Sat,3,1,4,Dmitri Toth,5,0
2025-fall,prelim,Sat,3,2,1,Hana Marsh,5,0
2025-fall,prelim,Sat,3,2,2,Bree Sato,3,0
2025-fall,prelim,Sat,3,2,3,Priya Castellanos,10,1
2025-fall,prelim,Sat,3,2,4,Pia Dubois,7,0
2025-fall,prelim,Sat,3,3,1,Delia Sato,3,0
2025-fall,prelim,Sat,3,3,2,Alex Fitzgerald,10,1
2025-fall,prelim,Sat,3,3,3,Idris Lindqvist,8,0
2025-fall,prelim,Sat,3,3,4,Pablo Holm,6,0
2025-fall,prelim,Sat,3,4,1,Lena Holm,10,1
2025-fall,prelim,Sat,3,4,2,Theo Barnwell,5,0
2025-fall,prelim,Sat,3,4,3,Jonah Joshi,4,0
2025-fall,prelim,Sat,3,4,4,Rafael Abernathy,5,0
2025-fall,prelim,Sat,3,5,1,Kemi Jensen,3,0
2025-fall,prelim,Sat,3,5,2,Ines Bianchi,8,0
2025-fall,prelim,Sat,3,5,3,Samir Haddad,7,0
2025-fall,prelim,Sat,3,5,4,Maya Ferreira,10,1
2025-fall,prelim,Sat,3,6,1,Lena Marsh,4,0
2025-fall,prelim,Sat,3,6,2,Luca Lindqvist,6,0
2025-fall,prelim,Sat,3,6,3,Luca Yilmaz,5,0
2025-fall,prelim,Sat,3,6,4,Zoe Ellison,10,1
2025-fall,prelim,Sat,3,7,1,Mateo Mendez,6,0
2025-fall,prelim,Sat,3,7,2,Nico Adebayo,3,0
2025-fall,prelim,Sat,3,7,3,Pia Ueda,10,1
2025-fall,prelim,Sat,3,7,4,Kemi Whitaker,6,0
2025-fall,prelim,Sat,3,8,1,Esme Yilmaz,7,0
2025-fall,prelim,Sat,3,8,2,Esme Novak,7,0
2025-fall,prelim,Sat,3,8,3,Hannah Ostrowski,10,1
2025-fall,prelim,Sat,3,8,4,Juno Pruitt,3,0
2025-fall,prelim,Sat,3,9,1,Emil Patel,5,0
2025-fall,prelim,Sat,3,9,2,Emil Okafor,7,0
2025-fall,prelim,Sat,3,9,3,Pablo Abernathy,4,0
2025-fall,prelim,Sat,3,9,4,Dmitri Adebayo,11,1
2025-fall,prelim,Sat,3,10,1,Caleb Engel,3,0
2025-fall,prelim,Sat,3,10,2,Xochi Toth,5,0
2025-fall,prelim,Sat,3,10,3,Tova Reyes,10,1
2025-fall,prelim,Sat,3,10,4,Kemi Ortega,5,0
2025-fall,prelim,Sun,1,1,1,Odette Adebayo,6,0
2025-fall,prelim,Sun,1,1,2,Esme Ferreira,2,0
2025-fall,prelim,Sun,1,1,3,Mateo Hartley,10,1
2025-fall,prelim,Sun,1,1,4,Alex Fitzgerald,5,0
2025-fall,prelim,Sun,1,2,1,Wes Holm,6,0
2025-fall,prelim,Sun,1,2,2,Caleb Ortega,5,0
2025-fall,prelim,Sun,1,2,3,Samir Haddad,10,1
2025-fall,prelim,Sun,1,2,4,Maya Tremblay,6,0
2025-fall,prelim,Sun,1,3,1,Nico Marsh,6,0
2025-fall,prelim,Sun,1,3,2,Kofi Castillo,10,1
2025-fall,prelim,Sun,1,3,3,Alex Engel,6,0
2025-fall,prelim,Sun,1,3,4,Hana Abernathy,4,0
2025-fall,prelim,Sun,1,4,1,Omar Whitfield,10,1
2025-fall,prelim,Sun,1,4,2,Arjun Toth,8,0
2025-fall,prelim,Sun,1,4,3,Nadia Ortega,8,0
2025-fall,prelim,Sun,1,4,4,Kemi Kaplan,2,0
2025-fall,prelim,Sun,1,5,1,Idris Lindqvist,7,0
2025-fall,prelim,Sun,1,5,2,Delia Whitaker,10,1
2025-fall,prelim,Sun,1,5,3,Lena Marsh,3,0
2025-fall,prelim,Sun,1,5,4,Felix Moreau,4,0
2025-fall,prelim,Sun,1,6,1,Keisha Brandt,8,0
2025-fall,prelim,Sun,1,6,2,Juno Ibarra,10,1
2025-fall,prelim,Sun,1,6,3,Idris Ellison,4,0
2025-fall,prelim,Sun,1,6,4,Emil Okafor,4,0
2025-fall,prelim,Sun,1,7,1,Rosa Adebayo,5,0
2025-fall,prelim,Sun,1,7,2,Seth Jensen,4,0
2025-fall,prelim,Sun,1,7,3,Xochi Ellison,6,0
2025-fall,prelim,Sun,1,7,4,Orin Fitzgerald,10,1
2025-fall,prelim,Sun,1,8,1,Leah Fontaine,10,1
2025-fall,prelim,Sun,1,8,2,Arjun Kowalski,6,0
2025-fall,prelim,Sun,1,8,3,Zoe Ellison,5,0
2025-fall,prelim,Sun,1,8,4,Ravi Sundaram,3,0
2025-fall,prelim,Sun,1,9,1,Gideon Coleman,3,0
2025-fall,prelim,Sun,1,9,2,Esme Yilmaz,6,0
2025-fall,prelim,Sun,1,9,3,Esme Zeller,5,0
2025-fall,prelim,Sun,1,9,4,Dmitri Adebayo,10,1
2025-fall,prelim,Sun,1,10,1,Dmitri Brennan,10,1
2025-fall,prelim,Sun,1,10,2,Hana Marsh,5,0
2025-fall,prelim,Sun,1,10,3,Marcus Delgado,4,0
2025-fall,prelim,Sun,1,10,4,Diego Varela,4,0
2025-fall,prelim,Sun,2,1,1,Esme Yilmaz,7,0
2025-fall,prelim,Sun,2,1,2,Idris Ellison,2,0
2025-fall,prelim,Sun,2,1,3,Alex Engel,8,0
2025-fall,prelim,Sun,2,1,4,Marcus Delgado,10,1
2025-fall,prelim,Sun,2,2,1,Lena Marsh,5,0
2025-fall,prelim,Sun,2,2,2,Maya Tremblay,5,0
2025-fall,prelim,Sun,2,2,3,Dmitri Brennan,10,1
2025-fall,prelim,Sun,2,2,4,Juno Ibarra,6,0
2025-fall,prelim,Sun,2,3,1,Seth Jensen,8,0
2025-fall,prelim,Sun,2,3,2,Samir Haddad,6,0
2025-fall,prelim,Sun,2,3,3,Xochi Ellison,2,0
2025-fall,prelim,Sun,2,3,4,Delia Whitaker,10,1
2025-fall,prelim,Sun,2,4,1,Orin Fitzgerald,10,1
2025-fall,prelim,Sun,2,4,2,Dmitri Adebayo,3,0
2025-fall,prelim,Sun,2,4,3,Odette Adebayo,7,0
2025-fall,prelim,Sun,2,4,4,Esme Zeller,6,0
2025-fall,prelim,Sun,2,5,1,Hana Abernathy,8,0
2025-fall,prelim,Sun,2,5,2,Nico Marsh,4,0
2025-fall,prelim,Sun,2,5,3,Gideon Coleman,6,0
2025-fall,prelim,Sun,2,5,4,Emil Okafor,10,1
2025-fall,prelim,Sun,2,6,1,Esme Ferreira,7,0
2025-fall,prelim,Sun,2,6,2,Omar Whitfield,10,1
2025-fall,prelim,Sun,2,6,3,Caleb Ortega,7,0
2025-fall,prelim,Sun,2,6,4,Nadia Ortega,2,0
2025-fall,prelim,Sun,2,7,1,Mateo Hartley,6,0
2025-fall,prelim,Sun,2,7,2,Leah Fontaine,4,0
2025-fall,prelim,Sun,2,7,3,Wes Holm,10,1
2025-fall,prelim,Sun,2,7,4,Kofi Castillo,6,0
2025-fall,prelim,Sun,2,8,1,Kemi Kaplan,2,0
2025-fall,prelim,Sun,2,8,2,Keisha Brandt,6,0
2025-fall,prelim,Sun,2,8,3,Zoe Ellison,10,1
2025-fall,prelim,Sun,2,8,4,Ravi Sundaram,7,0
2025-fall,prelim,Sun,2,9,1,Rosa Adebayo,6,0
2025-fall,prelim,Sun,2,9,2,Idris Lindqvist,10,1
2025-fall,prelim,Sun,2,9,3,Diego Varela,7,0
2025-fall,prelim,Sun,2,9,4,Felix Moreau,4,0
2025-fall,prelim,Sun,2,10,1,Arjun Toth,5,0
2025-fall,prelim,Sun,2,10,2,Hana Marsh,4,0
2025-fall,prelim,Sun,2,10,3,Arjun Kowalski,10,1
2025-fall,prelim,Sun,2,10,4,Alex Fitzgerald,7,0
2025-fall,prelim,Sun,3,1,1,Nadia Ortega,5,0
2025-fall,prelim,Sun,3,1,2,Idris Lindqvist,10,1
2025-fall,prelim,Sun,3,1,3,Hana Abernathy,4,0
2025-fall,prelim,Sun,3,1,4,Marcus Delgado,7,0
2025-fall,prelim,Sun,3,2,1,Felix Moreau,6,0
2025-fall,prelim,Sun,3,2,2,Arjun Toth,11,1
2025-fall,prelim,Sun,3,2,3,Maya Tremblay,5,0
2025-fall,prelim,Sun,3,2,4,Delia Whitaker,6,0
2025-fall,prelim,Sun,3,3,1,Arjun Kowalski,10,1
2025-fall,prelim,Sun,3,3,2,Nico Marsh,6,0
2025-fall,prelim,Sun,3,3,3,Seth Jensen,5,0
2025-fall,prelim,Sun,3,3,4,Ravi Sundaram,6,0
2025-fall,prelim,Sun,3,4,1,Wes Holm,6,0
2025-fall,prelim,Sun,3,4,2,Gideon Coleman,2,0
2025-fall,prelim,Sun,3,4,3,Odette Adebayo,10,1
2025-fall,prelim,Sun,3,4,4,Hana Marsh,8,0
2025-fall,prelim,Sun,3,5,1,Rosa Adebayo,6,0
2025-fall,prelim,Sun,3,5,2,Kofi Castillo,6,0
2025-fall,prelim,Sun,3,5,3,Esme Zeller,4,0
2025-fall,prelim,Sun,3,5,4,Idris Ellison,11,1
2025-fall,prelim,Sun,3,6,1,Orin Fitzgerald,6,0
2025-fall,prelim,Sun,3,6,2,Esme Yilmaz,4,0
2025-fall,prelim,Sun,3,6,3,Alex Engel,7,0
2025-fall,prelim,Sun,3,6,4,Omar Whitfield,10,1
2025-fall,prelim,Sun,3,7,1,Alex Fitzgerald,6,0
2025-fall,prelim,Sun,3,7,2,Esme Ferreira,6,0
2025-fall,prelim,Sun,3,7,3,Lena Marsh,2,0
2025-fall,prelim,Sun,3,7,4,Dmitri Brennan,10,1
2025-fall,prelim,Sun,3,8,1,Keisha Brandt,2,0
2025-fall,prelim,Sun,3,8,2,Zoe Ellison,8,0
2025-fall,prelim,Sun,3,8,3,Caleb Ortega,6,0
2025-fall,prelim,Sun,3,8,4,Samir Haddad,10,1
2025-fall,prelim,Sun,3,9,1,Mateo Hartley,10,1
2025-fall,prelim,Sun,3,9,2,Kemi Kaplan,3,0
2025-fall,prelim,Sun,3,9,3,Juno Ibarra,6,0
2025-fall,prelim,Sun,3,9,4,Dmitri Adebayo,6,0
2025-fall,prelim,Sun,3,10,1,Leah Fontaine,10,1
2025-fall,prelim,Sun,3,10,2,Xochi Ellison,4,0
2025-fall,prelim,Sun,3,10,3,Emil Okafor,5,0
2025-fall,prelim,Sun,3,10,4,Diego Varela,6,0
2025-fall,semi,,1,1,1,Tova Reyes,10,1
2025-fall,semi,,1,1,2,Delia Whitaker,7,0
2025-fall,semi,,1,1,3,Orin Fitzgerald,2,0
2025-fall,semi,,1,1,4,Kemi Jensen,6,0
2025-fall,semi,,1,2,1,Dmitri Brennan,7,0
2025-fall,semi,,1,2,2,Mateo Hartley,11,1
2025-fall,semi,,1,2,3,Arjun Kowalski,7,0
2025-fall,semi,,1,2,4,Alex Fitzgerald,2,0
2025-fall,semi,,1,3,1,Hannah Ostrowski,7,0
2025-fall,semi,,1,3,2,Priya Castellanos,5,0
2025-fall,semi,,1,3,3,Samir Haddad,10,1
2025-fall,semi,,1,3,4,Pia Ueda,6,0
2025-fall,semi,,1,4,1,Omar Whitfield,10,1
2025-fall,semi,,1,4,2,Idris Lindqvist,7,0
2025-fall,semi,,1,4,3,Hana Marsh,4,0
2025-fall,semi,,1,4,4,Leah Fontaine,4,0
2025-fall,final,,1,1,1,Tova Reyes,6,0
2025-fall,final,,1,1,2,Mateo Hartley,10,1
2025-fall,final,,1,1,3,Samir Haddad,6,0
2025-fall,final,,1,1,4,Omar Whitfield,5,0
2025-holiday,prelim,Sat,1,1,1,Kemi Jensen,8,0
2025-holiday,prelim,Sat,1,1,2,Gideon Brennan,2,0
2025-holiday,prelim,Sat,1,1,3,Pia Yilmaz,8,0
2025-holiday,prelim,Sat,1,1,4,Kemi Marsh,10,1
2025-holiday,prelim,Sat,1,2,1,Ravi Sundaram,10,1
2025-holiday,prelim,Sat,1,2,2,Lena Marsh,4,0
2025-holiday,prelim,Sat,1,2,3,Luca Gallo,6,0
2025-holiday,prelim,Sat,1,2,4,Quinn Zeller,9,0
2025-holiday,prelim,Sat,1,3,1,Felix Moreau,7,0
2025-holiday,prelim,Sat,1,3,2,Vera Patel,5,0
2025-holiday,prelim,Sat,1,3,3,Alex Engel,10,1
2025-holiday,prelim,Sat,1,3,4,Seth Holm,6,0
2025-holiday,prelim,Sat,1,4,1,Samir Haddad,10,1
2025-holiday,prelim,Sat,1,4,2,Odette Adebayo,6,0
2025-holiday,prelim,Sat,1,4,3,Luca Yilmaz,4,0
2025-holiday,prelim,Sat,1,4,4,Pablo Castillo,6,0
2025-holiday,prelim,Sat,1,5,1,Alex Fitzgerald,10,1
2025-holiday,prelim,Sat,1,5,2,Tova Ueda,6,0
2025-holiday,prelim,Sat,1,5,3,Hana Brennan,6,0
2025-holiday,prelim,Sat,1,5,4,Zoe Ellison,7,0
2025-holiday,prelim,Sat,1,6,1,Pablo Duarte,10,1
2025-holiday,prelim,Sat,1,6,2,Xochi Marsh,4,0
2025-holiday,prelim,Sat,1,6,3,Kemi Whitaker,4,0
2025-holiday,prelim,Sat,1,6,4,Nico Adebayo,7,0
2025-holiday,prelim,Sat,1,7,1,Idris Castillo,4,0
2025-holiday,prelim,Sat,1,7,2,Dmitri Ferreira,8,0
2025-holiday,prelim,Sat,1,7,3,Jun Nakashima,10,1
2025-holiday,prelim,Sat,1,7,4,Kofi Jensen,4,0
2025-holiday,prelim,Sat,1,8,1,Dmitri Adebayo,6,0
2025-holiday,prelim,Sat,1,8,2,Xochi Ellison,6,0
2025-holiday,prelim,Sat,1,8,3,Hiro Holm,11,1
2025-holiday,prelim,Sat,1,8,4,Delia Whitaker,5,0
2025-holiday,prelim,Sat,1,9,1,Yusuf Engel,3,0
2025-holiday,prelim,Sat,1,9,2,Caleb Ortega,5,0
2025-holiday,prelim,Sat,1,9,3,Rosa Adebayo,6,0
2025-holiday,prelim,Sat,1,9,4,Hannah Ostrowski,10,1
2025-holiday,prelim,Sat,1,10,1,Marcus Delgado,10,1
2025-holiday,prelim,Sat,1,10,2,Idris Lindqvist,3,0
2025-holiday,prelim,Sat,1,10,3,Gus Iwata,7,0
2025-holiday,prelim,Sat,1,10,4,Mateo Dubois,3,0
2025-holiday,prelim,Sat,1,11,1,Emil Castillo,4,0
2025-holiday,prelim,Sat,1,11,2,Rafael Abernathy,6,0
2025-holiday,prelim,Sat,1,11,3,Keisha Brandt,10,1
2025-holiday,prelim,Sat,1,11,4,Theo Barnwell,6,0
2025-holiday,prelim,Sat,1,12,1,Priya Castellanos,3,0
2025-holiday,prelim,Sat,1,12,2,Kemi Ortega,5,0
2025-holiday,prelim,Sat,1,12,3,Gus Hartley,10,1
2025-holiday,prelim,Sat,1,12,4,Yusuf Whitaker,8,0
2025-holiday,prelim,Sat,1,13,1,Vera Sato,10,1
2025-holiday,prelim,Sat,1,13,2,Bianca Nakamura,5,0
2025-holiday,prelim,Sat,1,13,3,Esme Novak,6,0
2025-holiday,prelim,Sat,1,13,4,Nora Kessler,4,0
2025-holiday,prelim,Sat,1,14,1,Farah Reyes,8,0
2025-holiday,prelim,Sat,1,14,2,Hana Marsh,10,1
2025-holiday,prelim,Sat,1,14,3,Pia Lindqvist,4,0
2025-holiday,prelim,Sat,1,14,4,Nadia Zeller,5,0
2025-holiday,prelim,Sat,1,15,1,Mateo Mendez,4,0
2025-holiday,prelim,Sat,1,15,2,Gideon Fitzgerald,7,0
2025-holiday,prelim,Sat,1,15,3,Orin Fitzgerald,10,1
2025-holiday,prelim,Sat,1,15,4,Seth Fitzgerald,6,0
2025-holiday,prelim,Sat,1,16,1,Tova Holm,10,1
2025-holiday,prelim,Sat,1,16,2,Nico Marsh,5,0
2025-holiday,prelim,Sat,1,16,3,Pablo Abernathy,6,0
2025-holiday,prelim,Sat,1,16,4,Uri Castillo,6,0
2025-holiday,prelim,Sat,1,17,1,Rosa Zeller,5,0
2025-holiday,prelim,Sat,1,17,2,Omar Whitfield,7,0
2025-holiday,prelim,Sat,1,17,3,Dani Achterberg,10,1
2025-holiday,prelim,Sat,1,17,4,Pablo Holm,6,0
2025-holiday,prelim,Sat,1,18,1,Emil Okafor,7,0
2025-holiday,prelim,Sat,1,18,2,Cyrus Castillo,3,0
2025-holiday,prelim,Sat,1,18,3,Orin Kaplan,5,0
2025-holiday,prelim,Sat,1,18,4,Seth Jensen,10,1
2025-holiday,prelim,Sat,1,19,1,Alex Gallo,3,0
2025-holiday,prelim,Sat,1,19,2,Esme Yilmaz,7,0
2025-holiday,prelim,Sat,1,19,3,Emil Patel,6,0
2025-holiday,prelim,Sat,1,19,4,Arjun Kowalski,10,1
2025-holiday,prelim,Sat,2,1,1,Bianca Nakamura,10,1
2025-holiday,prelim,Sat,2,1,2,Mateo Dubois,6,0
2025-holiday,prelim,Sat,2,1,3,Nico Adebayo,5,0
2025-holiday,prelim,Sat,2,1,4,Delia Whitaker,3,0
2025-holiday,prelim,Sat,2,2,1,Samir Haddad,10,1
2025-holiday,prelim,Sat,2,2,2,Rosa Zeller,6,0
2025-holiday,prelim,Sat,2,2,3,Idris Lindqvist,8,0
2025-holiday,prelim,Sat,2,2,4,Pablo Holm,4,0
2025-holiday,prelim,Sat,2,3,1,Seth Holm,2,0
2025-holiday,prelim,Sat,2,3,2,Priya Castellanos,9,0
2025-holiday,prelim,Sat,2,3,3,Seth Jensen,5,0
2025-holiday,prelim,Sat,2,3,4,Marcus Delgado,10,1
2025-holiday,prelim,Sat,2,4,1,Dmitri Ferreira,4,0
2025-holiday,prelim,Sat,2,4,2,Pablo Duarte,6,0
2025-holiday,prelim,Sat,2,4,3,Pia Lindqvist,10,1
2025-holiday,prelim,Sat,2,4,4,Gideon Fitzgerald,5,0
2025-holiday,prelim,Sat,2,5,1,Orin Kaplan,10,1
2025-holiday,prelim,Sat,2,5,2,Kemi Jensen,6,0
2025-holiday,prelim,Sat,2,5,3,Gideon Brennan,5,0
2025-holiday,prelim,Sat,2,5,4,Seth Fitzgerald,5,0
2025-holiday,prelim,Sat,2,6,1,Nadia Zeller,5,0
2025-holiday,prelim,Sat,2,6,2,Caleb Ortega,4,0
2025-holiday,prelim,Sat,2,6,3,Alex Fitzgerald,10,1
2025-holiday,prelim,Sat,2,6,4,Kemi Whitaker,9,0
2025-holiday,prelim,Sat,2,7,1,Ravi Sundaram,6,0
2025-holiday,prelim,Sat,2,7,2,Vera Sato,10,1
2025-holiday,prelim,Sat,2,7,3,Emil Castillo,6,0
2025-holiday,prelim,Sat,2,7,4,Yusuf Engel,6,0
2025-holiday,prelim,Sat,2,8,1,Idris Castillo,6,0
2025-holiday,prelim,Sat,2,8,2,Dmitri Adebayo,3,0
2025-holiday,prelim,Sat,2,8,3,Theo Barnwell,10,1
2025-holiday,prelim,Sat,2,8,4,Felix Moreau,4,0
2025-holiday,prelim,Sat,2,9,1,Rafael Abernathy,7,0
2025-holiday,prelim,Sat,2,9,2,Orin Fitzgerald,4,0
2025-holiday,prelim,Sat,2,9,3,Alex Engel,7,0
2025-holiday,prelim,Sat,2,9,4,Zoe Ellison,10,1
2025-holiday,prelim,Sat,2,10,1,Esme Novak,10,1
2025-holiday,prelim,Sat,2,10,2,Hana Marsh,3,0
2025-holiday,prelim,Sat,2,10,3,Farah Reyes,5,0
2025-holiday,prelim,Sat,2,10,4,Pia Yilmaz,9,0
2025-holiday,prelim,Sat,2,11,1,Nico Marsh,5,0
2025-holiday,prelim,Sat,2,11,2,Emil Okafor,10,1
2025-holiday,prelim,Sat,2,11,3,Luca Gallo,5,0
2025-holiday,prelim,Sat,2,11,4,Quinn Zeller,6,0
2025-holiday,prelim,Sat,2,12,1,Hiro Holm,7,0
2025-holiday,prelim,Sat,2,12,2,Lena Marsh,3,0
2025-holiday,prelim,Sat,2,12,3,Esme Yilmaz,5,0
2025-holiday,prelim,Sat,2,12,4,Mateo Mendez,10,1
2025-holiday,prelim,Sat,2,13,1,Nora Kessler,10,1
2025-holiday,prelim,Sat,2,13,2,Rosa Adebayo,2,0
2025-holiday,prelim,Sat,2,13,3,Emil Patel,7,0
2025-holiday,prelim,Sat,2,13,4,Jun Nakashima,6,0
2025-holiday,prelim,Sat,2,14,1,Keisha Brandt,5,0
2025-holiday,prelim,Sat,2,14,2,Gus Hartley,4,0
2025-holiday,prelim,Sat,2,14,3,Omar Whitfield,4,0
2025-holiday,prelim,Sat,2,14,4,Hannah Ostrowski,10,1
2025-holiday,prelim,Sat,2,15,1,Luca Yilmaz,3,0
2025-holiday,prelim,Sat,2,15,2,Hana Brennan,10,1
2025-holiday,prelim,Sat,2,15,3,Xochi Ellison,5,0
2025-holiday,prelim,Sat,2,15,4,Vera Patel,6,0
2025-holiday,prelim,Sat,2,16,1,Odette Adebayo,10,1
2025-holiday,prelim,Sat,2,16,2,Pablo Castillo,4,0
2025-holiday,prelim,Sat,2,16,3,Kemi Marsh,5,0
2025-holiday,prelim,Sat,2,16,4,Xochi Marsh,5,0
2025-holiday,prelim,Sat,2,17,1,Yusuf Whitaker,11,1
2025-holiday,prelim,Sat,2,17,2,Uri Castillo,5,0
2025-holiday,prelim,Sat,2,17,3,Kofi Jensen,5,0
2025-holiday,prelim,Sat,2,17,4,Arjun Kowalski,6,0
2025-holiday,prelim,Sat,2,18,1,Alex Gallo,5,0
2025-holiday,prelim,Sat,2,18,2,Pablo Abernathy,5,0
2025-holiday,prelim,Sat,2,18,3,Cyrus Castillo,7,0
2025-holiday,prelim,Sat,2,18,4,Tova Holm,10,1
2025-holiday,prelim,Sat,2,19,1,Gus Iwata,6,0
2025-holiday,prelim,Sat,2,19,2,Kemi Ortega,10,1
2025-holiday,prelim,Sat,2,19,3,Dani Achterberg,5,0
2025-holiday,prelim,Sat,2,19,4,Tova Ueda,5,0
2025-holiday,prelim,Sat,3,1,1,Kemi Marsh,5,0
2025-holiday,prelim,Sat,3,1,2,Kemi Whitaker,4,0
2025-holiday,prelim,Sat,3,1,3,Priya Castellanos,8,0
2025-holiday,prelim,Sat,3,1,4,Vera Sato,10,1
2025-holiday,prelim,Sat,3,2,1,Lena Marsh,5,0
2025-holiday,prelim,Sat,3,2,2,Uri Castillo,10,1
2025-holiday,prelim,Sat,3,2,3,Esme Yilmaz,7,0
2025-holiday,prelim,Sat,3,2,4,Luca Yilmaz,5,0
2025-holiday,prelim,Sat,3,3,1,Gus Hartley,2,0
2025-holiday,prelim,Sat,3,3,2,Mateo Dubois,6,0
2025-holiday,prelim,Sat,3,3,3,Bianca Nakamura,9,0
2025-holiday,prelim,Sat,3,3,4,Seth Fitzgerald,10,1
2025-holiday,prelim,Sat,3,4,1,Xochi Ellison,5,0
2025-holiday,prelim,Sat,3,4,2,Quinn Zeller,7,0
2025-holiday,prelim,Sat,3,4,3,Rosa Zeller,7,0
2025-holiday,prelim,Sat,3,4,4,Keisha Brandt,10,1
2025-holiday,prelim,Sat,3,5,1,Rosa Adebayo,3,0
2025-holiday,prelim,Sat,3,5,2,Hannah Ostrowski,6,0
2025-holiday,prelim,Sat,3,5,3,Zoe Ellison,8,0
2025-holiday,prelim,Sat,3,5,4,Idris Lindqvist,11,1
2025-holiday,prelim,Sat,3,6,1,Dani Achterberg,10,1
2025-holiday,prelim,Sat,3,6,2,Gus Iwata,6,0
2025-holiday,prelim,Sat,3,6,3,Alex Fitzgerald,6,0
2025-holiday,prelim,Sat,3,6,4,Alex Engel,5,0
2025-holiday,prelim,Sat,3,7,1,Seth Jensen,10,1
2025-holiday,prelim,Sat,3,7,2,Jun Nakashima,4,0
2025-holiday,prelim,Sat,3,7,3,Emil Patel,7,0
2025-holiday,prelim,Sat,3,7,4,Nico Adebayo,5,0
2025-holiday,prelim,Sat,3,8,1,Dmitri Ferreira,7,0
2025-holiday,prelim,Sat,3,8,2,Theo Barnwell,10,1
2025-holiday,prelim,Sat,3,8,3,Hana Brennan,3,0
2025-holiday,prelim,Sat,3,8,4,Farah Reyes,5,0
2025-holiday,prelim,Sat,3,9,1,Felix Moreau,6,0
2025-holiday,prelim,Sat,3,9,2,Marcus Delgado,7,0
2025-holiday,prelim,Sat,3,9,3,Gideon Fitzgerald,7,0
2025-holiday,prelim,Sat,3,9,4,Gideon Brennan,10,1
2025-holiday,prelim,Sat,3,10,1,Pablo Castillo,8,0
2025-holiday,prelim,Sat,3,10,2,Cyrus Castillo,5,0
2025-holiday,prelim,Sat,3,10,3,Hana Marsh,6,0
2025-holiday,prelim,Sat,3,10,4,Hiro Holm,10,1
2025-holiday,prelim,Sat,3,11,1,Orin Kaplan,5,0
2025-holiday,prelim,Sat,3,11,2,Arjun Kowalski,10,1
2025-holiday,prelim,Sat,3,11,3,Kemi Jensen,5,0
2025-holiday,prelim,Sat,3,11,4,Emil Castillo,7,0
2025-holiday,prelim,Sat,3,12,1,Yusuf Engel,8,0
2025-holiday,prelim,Sat,3,12,2,Nora Kessler,10,1
2025-holiday,prelim,Sat,3,12,3,Tova Holm,5,0
2025-holiday,prelim,Sat,3,12,4,Pablo Abernathy,7,0
2025-holiday,prelim,Sat,3,13,1,Pia Lindqvist,10,1
2025-holiday,prelim,Sat,3,13,2,Kofi Jensen,6,0
2025-holiday,prelim,Sat,3,13,3,Nadia Zeller,7,0
2025-holiday,prelim,Sat,3,13,4,Caleb Ortega,6,0
2025-holiday,prelim,Sat,3,14,1,Pablo Holm,5,0
2025-holiday,prelim,Sat,3,14,2,Rafael Abernathy,5,0
2025-holiday,prelim,Sat,3,14,3,Odette Adebayo,10,1
2025-holiday,prelim,Sat,3,14,4,Dmitri Adebayo,7,0
2025-holiday,prelim,Sat,3,15,1,Vera Patel,5,0
2025-holiday,prelim,Sat,3,15,2,Emil Okafor,6,0
2025-holiday,prelim,Sat,3,15,3,Delia Whitaker,10,1
2025-holiday,prelim,Sat,3,15,4,Idris Castillo,5,0
2025-holiday,prelim,Sat,3,16,1,Kemi Ortega,8,0
2025-holiday,prelim,Sat,3,16,2,Tova Ueda,10,1
2025-holiday,prelim,Sat,3,16,3,Nico Marsh,6,0
2025-holiday,prelim,Sat,3,16,4,Esme Novak,4,0
2025-holiday,prelim,Sat,3,17,1,Pablo Duarte,5,0
2025-holiday,prelim,Sat,3,17,2,Seth Holm,5,0
2025-holiday,prelim,Sat,3,17,3,Xochi Marsh,10,1
2025-holiday,prelim,Sat,3,17,4,Ravi Sundaram,6,0
2025-holiday,prelim,Sat,3,18,1,Pia Yilmaz,8,0
2025-holiday,prelim,Sat,3,18,2,Orin Fitzgerald,10,1
2025-holiday,prelim,Sat,3,18,3,Mateo Mendez,4,0
2025-holiday,prelim,Sat,3,18,4,Yusuf Whitaker,5,0
2025-holiday,prelim,Sat,3,19,1,Luca Gallo,3,0
2025-holiday,prelim,Sat,3,19,2,Alex Gallo,7,0
2025-holiday,prelim,Sat,3,19,3,Samir Haddad,4,0
2025-holiday,prelim,Sat,3,19,4,Omar Whitfield,10,1
2025-holiday,semi,,1,1,1,Vera Sato,10,1
2025-holiday,semi,,1,1,2,Alex Fitzgerald,4,0
2025-holiday,semi,,1,1,3,Seth Jensen,3,0
2025-holiday,semi,,1,1,4,Orin Fitzgerald,6,0
2025-holiday,semi,,1,2,1,Hiro Holm,11,1
2025-holiday,semi,,1,2,2,Arjun Kowalski,4,0
2025-holiday,semi,,1,2,3,Keisha Brandt,3,0
2025-holiday,semi,,1,2,4,Pia Lindqvist,8,0
2025-holiday,semi,,1,3,1,Marcus Delgado,10,1
2025-holiday,semi,,1,3,2,Odette Adebayo,6,0
2025-holiday,semi,,1,3,3,Dani Achterberg,7,0
2025-holiday,semi,,1,3,4,Nora Kessler,5,0
2025-holiday,semi,,1,4,1,Hannah Ostrowski,5,0
2025-holiday,semi,,1,4,2,Theo Barnwell,5,0
2025-holiday,semi,,1,4,3,Tova Holm,10,1
2025-holiday,semi,,1,4,4,Samir Haddad,6,0
2025-holiday,final,,1,1,1,Vera Sato,10,1
2025-holiday,final,,1,1,2,Hiro Holm,6,0
2025-holiday,final,,1,1,3,Marcus Delgado,6,0
2025-holiday,final,,1,1,4,Tova Holm,5,0
2026-winter,prelim,Sat,1,1,1,Fern Gallo,5,0
2026-winter,prelim,Sat,1,1,2,Cyrus Castillo,4,0
2026-winter,prelim,Sat,1,1,3,Arjun Kowalski,10,1
2026-winter,prelim,Sat,1,1,4,Nadia Zeller,7,0
2026-winter,prelim,Sat,1,2,1,Tova Ueda,7,0
2026-winter,prelim,Sat,1,2,2,Emil Castillo,8,0
2026-winter,prelim,Sat,1,2,3,Kemi Kaplan,5,0
2026-winter,prelim,Sat,1,2,4,Alex Engel,10,1
2026-winter,prelim,Sat,1,3,1,Farah Ortega,4,0
2026-winter,prelim,Sat,1,3,2,Hannah Ostrowski,10,1
2026-winter,prelim,Sat,1,3,3,Xochi Ellison,5,0
2026-winter,prelim,Sat,1,3,4,Delia Sato,5,0
2026-winter,prelim,Sat,1,4,1,Nico Marsh,4,0
2026-winter,prelim,Sat,1,4,2,Dmitri Holm,4,0
2026-winter,prelim,Sat,1,4,3,Nadia Ibarra,10,1
2026-winter,prelim,Sat,1,4,4,Dani Achterberg,7,0
2026-winter,prelim,Sat,1,5,1,Esme Novak,4,0
2026-winter,prelim,Sat,1,5,2,Emil Patel,4,0
2026-winter,prelim,Sat,1,5,3,Delia Whitaker,6,0
2026-winter,prelim,Sat,1,5,4,Theo Barnwell,10,1
2026-winter,prelim,Sat,1,6,1,Bianca Nakamura,10,1
2026-winter,prelim,Sat,1,6,2,Kemi Novak,5,0
2026-winter,prelim,Sat,1,6,3,Gideon Coleman,4,0
2026-winter,prelim,Sat,1,6,4,Dmitri Adebayo,6,0
2026-winter,prelim,Sat,1,7,1,Tova Holm,3,0
2026-winter,prelim,Sat,1,7,2,Hana Marsh,10,1
2026-winter,prelim,Sat,1,7,3,Lena Marsh,4,0
2026-winter,prelim,Sat,1,7,4,Juno Zeller,6,0
2026-winter,prelim,Sat,1,8,1,Ines Bianchi,8,0
2026-winter,prelim,Sat,1,8,2,Vera Lowery,10,1
2026-winter,prelim,Sat,1,8,3,Esme Zeller,5,0
2026-winter,prelim,Sat,1,8,4,Seth Holm,7,0
2026-winter,prelim,Sat,1,9,1,Kemi Marsh,6,0
2026-winter,prelim,Sat,1,9,2,Samir Haddad,5,0
2026-winter,prelim,Sat,1,9,3,Omar Whitfield,11,1
2026-winter,prelim,Sat,1,9,4,Zoe Lindqvist,6,0
2026-winter,prelim,Sat,1,10,1,Maya Tremblay,5,0
2026-winter,prelim,Sat,1,10,2,Caleb Ortega,10,1
2026-winter,prelim,Sat,1,10,3,Uri Toth,6,0
2026-winter,prelim,Sat,1,10,4,Ellie Park,5,0
2026-winter,prelim,Sat,1,11,1,Luca Gallo,4,0
2026-winter,prelim,Sat,1,11,2,Mateo Mendez,6,0
2026-winter,prelim,Sat,1,11,3,Caleb Castillo,7,0
2026-winter,prelim,Sat,1,11,4,Emil Okafor,10,1
2026-winter,prelim,Sat,2,1,1,Tova Holm,5,0
2026-winter,prelim,Sat,2,1,2,Tova Ueda,10,1
2026-winter,prelim,Sat,2,1,3,Caleb Ortega,3,0
2026-winter,prelim,Sat,2,1,4,Mateo Mendez,6,0
2026-winter,prelim,Sat,2,2,1,Kemi Kaplan,2,0
2026-winter,prelim,Sat,2,2,2,Theo Barnwell,7,0
2026-winter,prelim,Sat,2,2,3,Dani Achterberg,10,1
2026-winter,prelim,Sat,2,2,4,Alex Engel,7,0
2026-winter,prelim,Sat,2,3,1,Seth Holm,4,0
2026-winter,prelim,Sat,2,3,2,Arjun Kowalski,7,0
2026-winter,prelim,Sat,2,3,3,Uri Toth,10,1
2026-winter,prelim,Sat,2,3,4,Bianca Nakamura,5,0
2026-winter,prelim,Sat,2,4,1,Esme Zeller,6,0
2026-winter,prelim,Sat,2,4,2,Samir Haddad,4,0
2026-winter,prelim,Sat,2,4,3,Nadia Zeller,7,0
2026-winter,prelim,Sat,2,4,4,Emil Okafor,11,1
2026-winter,prelim,Sat,2,5,1,Dmitri Adebayo,7,0
2026-winter,prelim,Sat,2,5,2,Hannah Ostrowski,10,1
2026-winter,prelim,Sat,2,5,3,Ines Bianchi,3,0
2026-winter,prelim,Sat,2,5,4,Vera Lowery,6,0
2026-winter,prelim,Sat,2,6,1,Ellie Park,5,0
2026-winter,prelim,Sat,2,6,2,Emil Castillo,6,0
2026-winter,prelim,Sat,2,6,3,Kemi Marsh,5,0
2026-winter,prelim,Sat,2,6,4,Emil Patel,10,1
2026-winter,prelim,Sat,2,7,1,Hana Marsh,10,1
2026-winter,prelim,Sat,2,7,2,Cyrus Castillo,4,0
2026-winter,prelim,Sat,2,7,3,Fern Gallo,5,0
2026-winter,prelim,Sat,2,7,4,Dmitri Holm,5,0
2026-winter,prelim,Sat,2,8,1,Delia Whitaker,5,0
2026-winter,prelim,Sat,2,8,2,Nico Marsh,6,0
2026-winter,prelim,Sat,2,8,3,Xochi Ellison,4,0
2026-winter,prelim,Sat,2,8,4,Esme Novak,10,1
2026-winter,prelim,Sat,2,9,1,Nadia Ibarra,5,0
2026-winter,prelim,Sat,2,9,2,Omar Whitfield,10,1
2026-winter,prelim,Sat,2,9,3,Farah Ortega,7,0
2026-winter,prelim,Sat,2,9,4,Gideon Coleman,5,0
2026-winter,prelim,Sat,2,10,1,Delia Sato,6,0
2026-winter,prelim,Sat,2,10,2,Luca Gallo,5,0
2026-winter,prelim,Sat,2,10,3,Zoe Lindqvist,6,0
2026-winter,prelim,Sat,2,10,4,Kemi Novak,10,1
2026-winter,prelim,Sat,2,11,1,Maya Tremblay,6,0
2026-winter,prelim,Sat,2,11,2,Juno Zeller,6,0
2026-winter,prelim,Sat,2,11,3,Caleb Castillo,3,0
2026-winter,prelim,Sat,2,11,4,Lena Marsh,10,1
2026-winter,prelim,Sat,3,1,1,Kemi Kaplan,5,0
2026-winter,prelim,Sat,3,1,2,Kemi Marsh,5,0
2026-winter,prelim,Sat,3,1,3,Alex Engel,6,0
2026-winter,prelim,Sat,3,1,4,Dmitri Holm,10,1
2026-winter,prelim,Sat,3,2,1,Zoe Lindqvist,4,0
2026-winter,prelim,Sat,3,2,2,Arjun Kowalski,10,1
2026-winter,prelim,Sat,3,2,3,Bianca Nakamura,7,0
2026-winter,prelim,Sat,3,2,4,Luca Gallo,3,0
2026-winter,prelim,Sat,3,3,1,Nadia Zeller,6,0
2026-winter,prelim,Sat,3,3,2,Omar Whitfield,2,0
2026-winter,prelim,Sat,3,3,3,Delia Whitaker,10,1
2026-winter,prelim,Sat,3,3,4,Delia Sato,4,0
2026-winter,prelim,Sat,3,4,1,Hannah Ostrowski,6,0
2026-winter,prelim,Sat,3,4,2,Ines Bianchi,6,0
2026-winter,prelim,Sat,3,4,3,Farah Ortega,6,0
2026-winter,prelim,Sat,3,4,4,Tova Holm,10,1
2026-winter,prelim,Sat,3,5,1,Esme Zeller,6,0
2026-winter,prelim,Sat,3,5,2,Emil Castillo,5,0
2026-winter,prelim,Sat,3,5,3,Hana Marsh,6,0
2026-winter,prelim,Sat,3,5,4,Tova Ueda,10,1
2026-winter,prelim,Sat,3,6,1,Maya Tremblay,4,0
2026-winter,prelim,Sat,3,6,2,Kemi Novak,4,0
2026-winter,prelim,Sat,3,6,3,Dani Achterberg,7,0
2026-winter,prelim,Sat,3,6,4,Uri Toth,10,1
2026-winter,prelim,Sat,3,7,1,Mateo Mendez,3,0
2026-winter,prelim,Sat,3,7,2,Emil Patel,10,1
2026-winter,prelim,Sat,3,7,3,Emil Okafor,6,0
2026-winter,prelim,Sat,3,7,4,Theo Barnwell,6,0
2026-winter,prelim,Sat,3,8,1,Samir Haddad,7,0
2026-winter,prelim,Sat,3,8,2,Esme Novak,10,1
2026-winter,prelim,Sat,3,8,3,Caleb Ortega,5,0
2026-winter,prelim,Sat,3,8,4,Seth Holm,4,0
2026-winter,prelim,Sat,3,9,1,Juno Zeller,10,1
2026-winter,prelim,Sat,3,9,2,Nico Marsh,6,0
2026-winter,prelim,Sat,3,9,3,Gideon Coleman,6,0
2026-winter,prelim,Sat,3,9,4,Caleb Castillo,4,0
2026-winter,prelim,Sat,3,10,1,Vera Lowery,6,0
2026-winter,prelim,Sat,3,10,2,Ellie Park,10,1
2026-winter,prelim,Sat,3,10,3,Nadia Ibarra,8,0
2026-winter,prelim,Sat,3,10,4,Lena Marsh,2,0
2026-winter,prelim,Sat,3,11,1,Cyrus Castillo,10,1
2026-winter,prelim,Sat,3,11,2,Dmitri Adebayo,5,0
2026-winter,prelim,Sat,3,11,3,Xochi Ellison,6,0
2026-winter,prelim,Sat,3,11,4,Fern Gallo,5,0
2026-winter,prelim,Sun,1,1,1,Arjun Toth,10,1
2026-winter,prelim,Sun,1,1,2,Cyrus Rasmussen,7,0
2026-winter,prelim,Sun,1,1,3,Vera Patel,3,0
2026-winter,prelim,Sun,1,1,4,Leah Fontaine,5,0
2026-winter,prelim,Sun,1,2,1,Luca Gallo,10,1
2026-winter,prelim,Sun,1,2,2,Xochi Ellison,5,0
2026-winter,prelim,Sun,1,2,3,Gus Castillo,5,0
2026-winter,prelim,Sun,1,2,4,Wes Sato,3,0
2026-winter,prelim,Sun,1,3,1,Pia Brennan,8,0
2026-winter,prelim,Sun,1,3,2,Idris Ellison,5,0
2026-winter,prelim,Sun,1,3,3,Alex Bianchi,5,0
2026-winter,prelim,Sun,1,3,4,Theo Barnwell,10,1
2026-winter,prelim,Sun,1,4,1,Cyrus Duarte,4,0
2026-winter,prelim,Sun,1,4,2,Ines Bianchi,7,0
2026-winter,prelim,Sun,1,4,3,Kemi Novak,4,0
2026-winter,prelim,Sun,1,4,4,Yusuf Engel,10,1
2026-winter,prelim,Sun,1,5,1,Mateo Dubois,10,1
2026-winter,prelim,Sun,1,5,2,Jonah Joshi,4,0
2026-winter,prelim,Sun,1,5,3,Sana Fitzgerald,5,0
2026-winter,prelim,Sun,1,5,4,Arjun Kowalski,8,0
2026-winter,prelim,Sun,1,6,1,Felix Moreau,6,0
2026-winter,prelim,Sun,1,6,2,Ellie Park,3,0
2026-winter,prelim,Sun,1,6,3,Cyrus Castillo,7,0
2026-winter,prelim,Sun,1,6,4,Kemi Jensen,10,1
2026-winter,prelim,Sun,1,7,1,Vera Lowery,10,1
2026-winter,prelim,Sun,1,7,2,Zoe Ellison,4,0
2026-winter,prelim,Sun,1,7,3,Rosa Adebayo,6,0
2026-winter,prelim,Sun,1,7,4,Hiro Coleman,2,0
2026-winter,prelim,Sun,1,8,1,Quinn Zeller,10,1
2026-winter,prelim,Sun,1,8,2,Uri Castillo,7,0
2026-winter,prelim,Sun,1,8,3,Tova Ueda,5,0
2026-winter,prelim,Sun,1,8,4,Nico Adebayo,5,0
2026-winter,prelim,Sun,1,9,1,Omar Whitfield,5,0
2026-winter,prelim,Sun,1,9,2,Mateo Hartley,4,0
2026-winter,prelim,Sun,1,9,3,Grace Liang,10,1
2026-winter,prelim,Sun,1,9,4,Marcus Delgado,3,0
2026-winter,prelim,Sun,1,10,1,Arjun Ferreira,5,0
2026-winter,prelim,Sun,1,10,2,Ravi Sundaram,3,0
2026-winter,prelim,Sun,1,10,3,Rafael Abernathy,10,1
2026-winter,prelim,Sun,1,10,4,Emil Castillo,7,0
2026-winter,prelim,Sun,2,1,1,Rosa Adebayo,5,0
2026-winter,prelim,Sun,2,1,2,Kemi Jensen,6,0
2026-winter,prelim,Sun,2,1,3,Nico Adebayo,5,0
2026-winter,prelim,Sun,2,1,4,Kemi Novak,10,1
2026-winter,prelim,Sun,2,2,1,Vera Patel,10,1
2026-winter,prelim,Sun,2,2,2,Rafael Abernathy,6,0
2026-winter,prelim,Sun,2,2,3,Zoe Ellison,7,0
2026-winter,prelim,Sun,2,2,4,Xochi Ellison,4,0
2026-winter,prelim,Sun,2,3,1,Emil Castillo,7,0
2026-winter,prelim,Sun,2,3,2,Arjun Kowalski,7,0
2026-winter,prelim,Sun,2,3,3,Omar Whitfield,10,1
2026-winter,prelim,Sun,2,3,4,Felix Moreau,6,0
2026-winter,prelim,Sun,2,4,1,Cyrus Duarte,6,0
2026-winter,prelim,Sun,2,4,2,Theo Barnwell,10,1
2026-winter,prelim,Sun,2,4,3,Hiro Coleman,5,0
2026-winter,prelim,Sun,2,4,4,Sana Fitzgerald,6,0
2026-winter,prelim,Sun,2,5,1,Ravi Sundaram,4,0
2026-winter,prelim,Sun,2,5,2,Cyrus Rasmussen,6,0
2026-winter,prelim,Sun,2,5,3,Luca Gallo,7,0
2026-winter,prelim,Sun,2,5,4,Yusuf Engel,10,1
2026-winter,prelim,Sun,2,6,1,Mateo Dubois,10,1
2026-winter,prelim,Sun,2,6,2,Mateo Hartley,5,0
2026-winter,prelim,Sun,2,6,3,Arjun Toth,7,0
2026-winter,prelim,Sun,2,6,4,Quinn Zeller,7,0
2026-winter,prelim,Sun,2,7,1,Gus Castillo,10,1
2026-winter,prelim,Sun,2,7,2,Uri Castillo,7,0
2026-winter,prelim,Sun,2,7,3,Leah Fontaine,5,0
2026-winter,prelim,Sun,2,7,4,Ines Bianchi,3,0
2026-winter,prelim,Sun,2,8,1,Jonah Joshi,5,0
2026-winter,prelim,Sun,2,8,2,Wes Sato,4,0
2026-winter,prelim,Sun,2,8,3,Cyrus Castillo,8,0
2026-winter,prelim,Sun,2,8,4,Ellie Park,10,1
2026-winter,prelim,Sun,2,9,1,Arjun Ferreira,7,0
2026-winter,prelim,Sun,2,9,2,Idris Ellison,7,0
2026-winter,prelim,Sun,2,9,3,Pia Brennan,5,0
2026-winter,prelim,Sun,2,9,4,Marcus Delgado,10,1
2026-winter,prelim,Sun,2,10,1,Alex Bianchi,3,0
2026-winter,prelim,Sun,2,10,2,Tova Ueda,10,1
2026-winter,prelim,Sun,2,10,3,Grace Liang,6,0
2026-winter,prelim,Sun,2,10,4,Vera Lowery,7,0
2026-winter,prelim,Sun,3,1,1,Jonah Joshi,5,0
2026-winter,prelim,Sun,3,1,2,Quinn Zeller,11,1
2026-winter,prelim,Sun,3,1,3,Vera Patel,6,0
2026-winter,prelim,Sun,3,1,4,Wes Sato,4,0
2026-winter,prelim,Sun,3,2,1,Arjun Toth,8,0
2026-winter,prelim,Sun,3,2,2,Felix Moreau,4,0
2026-winter,prelim,Sun,3,2,3,Kemi Jensen,5,0
2026-winter,prelim,Sun,3,2,4,Theo Barnwell,10,1
2026-winter,prelim,Sun,3,3,1,Leah Fontaine,10,1
2026-winter,prelim,Sun,3,3,2,Ravi Sundaram,6,0
2026-winter,prelim,Sun,3,3,3,Kemi Novak,5,0
2026-winter,prelim,Sun,3,3,4,Cyrus Castillo,6,0
2026-winter,prelim,Sun,3,4,1,Zoe Ellison,6,0
2026-winter,prelim,Sun,3,4,2,Ellie Park,6,0
2026-winter,prelim,Sun,3,4,3,Omar Whitfield,10,1
2026-winter,prelim,Sun,3,4,4,Rafael Abernathy,6,0
2026-winter,prelim,Sun,3,5,1,Uri Castillo,5,0
2026-winter,prelim,Sun,3,5,2,Grace Liang,5,0
2026-winter,prelim,Sun,3,5,3,Pia Brennan,10,1
2026-winter,prelim,Sun,3,5,4,Nico Adebayo,6,0
2026-winter,prelim,Sun,3,6,1,Gus Castillo,5,0
2026-winter,prelim,Sun,3,6,2,Sana Fitzgerald,10,1
2026-winter,prelim,Sun,3,6,3,Mateo Dubois,5,0
2026-winter,prelim,Sun,3,6,4,Cyrus Duarte,6,0
2026-winter,prelim,Sun,3,7,1,Cyrus Rasmussen,10,1
2026-winter,prelim,Sun,3,7,2,Alex Bianchi,6,0
2026-winter,prelim,Sun,3,7,3,Arjun Ferreira,2,0
2026-winter,prelim,Sun,3,7,4,Arjun Kowalski,5,0
2026-winter,prelim,Sun,3,8,1,Emil Castillo,5,0
2026-winter,prelim,Sun,3,8,2,Luca Gallo,4,0
2026-winter,prelim,Sun,3,8,3,Tova Ueda,6,0
2026-winter,prelim,Sun,3,8,4,Vera Lowery,10,1
2026-winter,prelim,Sun,3,9,1,Mateo Hartley,4,0
2026-winter,prelim,Sun,3,9,2,Marcus Delgado,9,0
2026-winter,prelim,Sun,3,9,3,Xochi Ellison,4,0
2026-winter,prelim,Sun,3,9,4,Hiro Coleman,10,1
2026-winter,prelim,Sun,3,10,1,Idris Ellison,3,0
2026-winter,prelim,Sun,3,10,2,Rosa Adebayo,6,0
2026-winter,prelim,Sun,3,10,3,Yusuf Engel,4,0
2026-winter,prelim,Sun,3,10,4,Ines Bianchi,10,1
2026-winter,semi,,1,1,1,Theo Barnwell,6,0
2026-winter,semi,,1,1,2,Hannah Ostrowski,10,1
2026-winter,semi,,1,1,3,Uri Toth,3,0
2026-winter,semi,,1,1,4,Dani Achterberg,6,0
2026-winter,semi,,1,2,1,Quinn Zeller,5,0
2026-winter,semi,,1,2,2,Hana Marsh,5,0
2026-winter,semi,,1,2,3,Omar Whitfield,7,0
2026-winter,semi,,1,2,4,Arjun Toth,11,1
2026-winter,semi,,1,3,1,Vera Lowery,10,1
2026-winter,semi,,1,3,2,Emil Okafor,7,0
2026-winter,semi,,1,3,3,Mateo Dubois,5,0
2026-winter,semi,,1,3,4,Yusuf Engel,3,0
2026-winter,semi,,1,4,1,Arjun Kowalski,10,1
2026-winter,semi,,1,4,2,Tova Ueda,4,0
2026-winter,semi,,1,4,3,Emil Patel,6,0
2026-winter,semi,,1,4,4,Esme Novak,6,0
2026-winter,final,,1,1,1,Hannah Ostrowski,4,0
2026-winter,final,,1,1,2,Arjun Toth,10,1
2026-winter,final,,1,1,3,Vera Lowery,6,0
2026-winter,final,,1,1,4,Arjun Kowalski,7,0
2026-spring,prelim,Sat,1,1,1,Gideon Fitzgerald,10,1
2026-spring,prelim,Sat,1,1,2,Bianca Nakamura,6,0
2026-spring,prelim,Sat,1,1,3,Yusuf Engel,7,0
2026-spring,prelim,Sat,1,1,4,Emil Castillo,3,0
2026-spring,prelim,Sat,1,2,1,Alex Engel,5,0
2026-spring,prelim,Sat,1,2,2,Keisha Brandt,6,0
2026-spring,prelim,Sat,1,2,3,Grace Liang,7,0
2026-spring,prelim,Sat,1,2,4,Pablo Duarte,10,1
2026-spring,prelim,Sat,1,3,1,Kofi Ueda,4,0
2026-spring,prelim,Sat,1,3,2,Gus Iwata,10,1
2026-spring,prelim,Sat,1,3,3,Theo Barnwell,6,0
2026-spring,prelim,Sat,1,3,4,Caleb Ortega,8,0
2026-spring,prelim,Sat,1,4,1,Ellie Park,5,0
2026-spring,prelim,Sat,1,4,2,Uri Castillo,6,0
2026-spring,prelim,Sat,1,4,3,Gideon Coleman,6,0
2026-spring,prelim,Sat,1,4,4,Hiro Holm,10,1
2026-spring,prelim,Sat,1,5,1,Kemi Kaplan,8,0
2026-spring,prelim,Sat,1,5,2,Luca Lindqvist,10,1
2026-spring,prelim,Sat,1,5,3,Juno Zeller,4,0
2026-spring,prelim,Sat,1,5,4,Sana Fitzgerald,7,0
2026-spring,prelim,Sat,1,6,1,Cyrus Castillo,8,0
2026-spring,prelim,Sat,1,6,2,Gideon Brennan,6,0
2026-spring,prelim,Sat,1,6,3,Vera Lowery,10,1
2026-spring,prelim,Sat,1,6,4,Uri Toth,4,0
2026-spring,prelim,Sat,1,7,1,Leah Fontaine,5,0
2026-spring,prelim,Sat,1,7,2,Ines Bianchi,5,0
2026-spring,prelim,Sat,1,7,3,Mateo Hartley,11,1
2026-spring,prelim,Sat,1,7,4,Nadia Zeller,5,0
2026-spring,prelim,Sat,1,8,1,Xochi Toth,11,1
2026-spring,prelim,Sat,1,8,2,Quinn Zeller,5,0
2026-spring,prelim,Sat,1,8,3,Ravi Sundaram,3,0
2026-spring,prelim,Sat,1,8,4,Bree Sato,5,0
2026-spring,prelim,Sat,1,9,1,Zoe Jensen,7,0
2026-spring,prelim,Sat,1,9,2,Dmitri Holm,6,0
2026-spring,prelim,Sat,1,9,3,Sana Lowery,2,0
2026-spring,prelim,Sat,1,9,4,Pia Ueda,10,1
2026-spring,prelim,Sat,1,10,1,Esme Novak,6,0
2026-spring,prelim,Sat,1,10,2,Esme Ferreira,4,0
2026-spring,prelim,Sat,1,10,3,Kemi Ortega,10,1
2026-spring,prelim,Sat,1,10,4,Sana Abernathy,6,0
2026-spring,prelim,Sat,1,11,1,Seth Hartley,8,0
2026-spring,prelim,Sat,1,11,2,Yusuf Marsh,3,0
2026-spring,prelim,Sat,1,11,3,Seth Jensen,6,0
2026-spring,prelim,Sat,1,11,4,Pia Dubois,10,1
2026-spring,prelim,Sat,1,12,1,Zoe Lindqvist,10,1
2026-spring,prelim,Sat,1,12,2,Fern Gallo,4,0
2026-spring,prelim,Sat,1,12,3,Dmitri Ferreira,6,0
2026-spring,prelim,Sat,1,12,4,Orin Fitzgerald,8,0
2026-spring,prelim,Sat,2,1,1,Gus Iwata,10,1
2026-spring,prelim,Sat,2,1,2,Theo Barnwell,7,0
2026-spring,prelim,Sat,2,1,3,Hiro Holm,5,0
2026-spring,prelim,Sat,2,1,4,Bree Sato,4,0
2026-spring,prelim,Sat,2,2,1,Seth Hartley,10,1
2026-spring,prelim,Sat,2,2,2,Keisha Brandt,5,0
2026-spring,prelim,Sat,2,2,3,Dmitri Ferreira,8,0
2026-spring,prelim,Sat,2,2,4,Esme Ferreira,5,0
2026-spring,prelim,Sat,2,3,1,Ellie Park,7,0
2026-spring,prelim,Sat,2,3,2,Dmitri Holm,10,1
2026-spring,prelim,Sat,2,3,3,Uri Toth,7,0
2026-spring,prelim,Sat,2,3,4,Nadia Zeller,2,0
2026-spring,prelim,Sat,2,4,1,Bianca Nakamura,8,0
2026-spring,prelim,Sat,2,4,2,Yusuf Engel,6,0
2026-spring,prelim,Sat,2,4,3,Orin Fitzgerald,2,0
2026-spring,prelim,Sat,2,4,4,Seth Jensen,10,1
2026-spring,prelim,Sat,2,5,1,Leah Fontaine,6,0
2026-spring,prelim,Sat,2,5,2,Grace Liang,6,0
2026-spring,prelim,Sat,2,5,3,Sana Lowery,10,1
2026-spring,prelim,Sat,2,5,4,Sana Abernathy,5,0
2026-spring,prelim,Sat,2,6,1,Yusuf Marsh,5,0
2026-spring,prelim,Sat,2,6,2,Vera Lowery,10,1
2026-spring,prelim,Sat,2,6,3,Pablo Duarte,4,0
2026-spring,prelim,Sat,2,6,4,Cyrus Castillo,4,0
2026-spring,prelim,Sat,2,7,1,Gideon Coleman,2,0
2026-spring,prelim,Sat,2,7,2,Mateo Hartley,10,1
2026-spring,prelim,Sat,2,7,3,Juno Zeller,4,0
2026-spring,prelim,Sat,2,7,4,Xochi Toth,3,0
2026-spring,prelim,Sat,2,8,1,Luca Lindqvist,5,0
2026-spring,prelim,Sat,2,8,2,Gideon Brennan,8,0
2026-spring,prelim,Sat,2,8,3,Emil Castillo,10,1
2026-spring,prelim,Sat,2,8,4,Pia Ueda,6,0
2026-spring,prelim,Sat,2,9,1,Esme Novak,5,0
2026-spring,prelim,Sat,2,9,2,Zoe Jensen,7,0
2026-spring,prelim,Sat,2,9,3,Kofi Ueda,3,0
2026-spring,prelim,Sat,2,9,4,Fern Gallo,10,1
2026-spring,prelim,Sat,2,10,1,Sana Fitzgerald,6,0
2026-spring,prelim,Sat,2,10,2,Pia Dubois,7,0
2026-spring,prelim,Sat,2,10,3,Ravi Sundaram,10,1
2026-spring,prelim,Sat,2,10,4,Uri Castillo,3,0
2026-spring,prelim,Sat,2,11,1,Caleb Ortega,10,1
2026-spring,prelim,Sat,2,11,2,Quinn Zeller,6,0
2026-spring,prelim,Sat,2,11,3,Kemi Kaplan,5,0
2026-spring,prelim,Sat,2,11,4,Alex Engel,7,0
2026-spring,prelim,Sat,2,12,1,Gideon Fitzgerald,8,0
2026-spring,prelim,Sat,2,12,2,Zoe Lindqvist,10,1
2026-spring,prelim,Sat,2,12,3,Ines Bianchi,2,0
2026-spring,prelim,Sat,2,12,4,Kemi Ortega,7,0
2026-spring,prelim,Sat,3,1,1,Gus Iwata,10,1
2026-spring,prelim,Sat,3,1,2,Kemi Kaplan,3,0
2026-spring,prelim,Sat,3,1,3,Nadia Zeller,6,0
2026-spring,prelim,Sat,3,1,4,Emil Castillo,5,0
2026-spring,prelim,Sat,3,2,1,Yusuf Marsh,5,0
2026-spring,prelim,Sat,3,2,2,Luca Lindqvist,10,1
2026-spring,prelim,Sat,3,2,3,Sana Abernathy,7,0
2026-spring,prelim,Sat,3,2,4,Alex Engel,3,0
2026-spring,prelim,Sat,3,3,1,Zoe Lindqvist,3,0
2026-spring,prelim,Sat,3,3,2,Grace Liang,4,0
2026-spring,prelim,Sat,3,3,3,Ravi Sundaram,6,0
2026-spring,prelim,Sat,3,3,4,Pia Dubois,10,1
2026-spring,prelim,Sat,3,4,1,Kofi Ueda,4,0
2026-spring,prelim,Sat,3,4,2,Orin Fitzgerald,6,0
2026-spring,prelim,Sat,3,4,3,Ellie Park,10,1
2026-spring,prelim,Sat,3,4,4,Dmitri Holm,5,0
2026-spring,prelim,Sat,3,5,1,Gideon Coleman,4,0
2026-spring,prelim,Sat,3,5,2,Kemi Ortega,2,0
2026-spring,prelim,Sat,3,5,3,Hiro Holm,8,0
2026-spring,prelim,Sat,3,5,4,Bree Sato,10,1
2026-spring,prelim,Sat,3,6,1,Sana Lowery,10,1
2026-spring,prelim,Sat,3,6,2,Gideon Brennan,7,0
2026-spring,prelim,Sat,3,6,3,Quinn Zeller,7,0
2026-spring,prelim,Sat,3,6,4,Caleb Ortega,2,0
2026-spring,prelim,Sat,3,7,1,Seth Jensen,7,0
2026-spring,prelim,Sat,3,7,2,Esme Novak,10,1
2026-spring,prelim,Sat,3,7,3,Pablo Duarte,5,0
2026-spring,prelim,Sat,3,7,4,Yusuf Engel,6,0
2026-spring,prelim,Sat,3,8,1,Bianca Nakamura,7,0
2026-spring,prelim,Sat,3,8,2,Fern Gallo,11,1
2026-spring,prelim,Sat,3,8,3,Gideon Fitzgerald,6,0
2026-spring,prelim,Sat,3,8,4,Xochi Toth,7,0
2026-spring,prelim,Sat,3,9,1,Leah Fontaine,10,1
2026-spring,prelim,Sat,3,9,2,Sana Fitzgerald,7,0
2026-spring,prelim,Sat,3,9,3,Esme Ferreira,3,0
2026-spring,prelim,Sat,3,9,4,Keisha Brandt,7,0
2026-spring,prelim,Sat,3,10,1,Dmitri Ferreira,6,0
2026-spring,prelim,Sat,3,10,2,Mateo Hartley,7,0
2026-spring,prelim,Sat,3,10,3,Zoe Jensen,10,1
2026-spring,prelim,Sat,3,10,4,Cyrus Castillo,3,0
2026-spring,prelim,Sat,3,11,1,Uri Castillo,5,0
2026-spring,prelim,Sat,3,11,2,Juno Zeller,8,0
2026-spring,prelim,Sat,3,11,3,Ines Bianchi,4,0
2026-spring,prelim,Sat,3,11,4,Pia Ueda,10,1
2026-spring,prelim,Sat,3,12,1,Uri Toth,2,0
2026-spring,prelim,Sat,3,12,2,Seth Hartley,6,0
2026-spring,prelim,Sat,3,12,3,Theo Barnwell,10,1
2026-spring,prelim,Sat,3,12,4,Vera Lowery,7,0
2026-spring,prelim,Sun,1,1,1,Nora Kessler,7,0
2026-spring,prelim,Sun,1,1,2,Orin Kaplan,5,0
2026-spring,prelim,Sun,1,1,3,Maya Tremblay,4,0
2026-spring,prelim,Sun,1,1,4,Felix Moreau,11,1
2026-spring,prelim,Sun,1,2,1,Kemi Kaplan,5,0
2026-spring,prelim,Sun,1,2,2,Pia Marsh,7,0
2026-spring,prelim,Sun,1,2,3,Luca Yilmaz,6,0
2026-spring,prelim,Sun,1,2,4,Delia Whitaker,10,1
2026-spring,prelim,Sun,1,3,1,Seth Hartley,9,0
2026-spring,prelim,Sun,1,3,2,Nico Marsh,3,0
2026-spring,prelim,Sun,1,3,3,Hannah Ostrowski,10,1
2026-spring,prelim,Sun,1,3,4,Luca Lindqvist,4,0
2026-spring,prelim,Sun,1,4,1,Sana Abernathy,3,0
2026-spring,prelim,Sun,1,4,2,Ines Bianchi,6,0
2026-spring,prelim,Sun,1,4,3,Tova Ueda,10,1
2026-spring,prelim,Sun,1,4,4,Farah Reyes,8,0
2026-spring,prelim,Sun,1,5,1,Gideon Fitzgerald,6,0
2026-spring,prelim,Sun,1,5,2,Alex Fitzgerald,11,1
2026-spring,prelim,Sun,1,5,3,Dmitri Holm,7,0
2026-spring,prelim,Sun,1,5,4,Kofi Castillo,6,0
2026-spring,prelim,Sun,1,6,1,Nico Patel,4,0
2026-spring,prelim,Sun,1,6,2,Nadia Zeller,4,0
2026-spring,prelim,Sun,1,6,3,Vera Holm,10,1
2026-spring,prelim,Sun,1,6,4,Caleb Ortega,7,0
2026-spring,prelim,Sun,1,7,1,Kemi Jensen,7,0
2026-spring,prelim,Sun,1,7,2,Odette Adebayo,6,0
2026-spring,prelim,Sun,1,7,3,Gus Hartley,11,1
2026-spring,prelim,Sun,1,7,4,Emil Okafor,6,0
2026-spring,prelim,Sun,1,8,1,Esme Novak,4,0
2026-spring,prelim,Sun,1,8,2,Seth Jensen,10,1
2026-spring,prelim,Sun,1,8,3,Quinn Rasmussen,8,0
2026-spring,prelim,Sun,1,8,4,Xochi Ellison,4,0
2026-spring,prelim,Sun,1,9,1,Hana Marsh,7,0
2026-spring,prelim,Sun,1,9,2,Zoe Ellison,10,1
2026-spring,prelim,Sun,1,9,3,Seth Fitzgerald,4,0
2026-spring,prelim,Sun,1,9,4,Cyrus Rasmussen,6,0
2026-spring,prelim,Sun,1,10,1,Priya Castellanos,5,0
2026-spring,prelim,Sun,1,10,2,Omar Whitfield,4,0
2026-spring,prelim,Sun,1,10,3,Pia Dubois,10,1
2026-spring,prelim,Sun,1,10,4,Gus Iwata,5,0
2026-spring,prelim,Sun,2,1,1,Odette Adebayo,3,0
2026-spring,prelim,Sun,2,1,2,Luca Lindqvist,11,1
2026-spring,prelim,Sun,2,1,3,Delia Whitaker,7,0
2026-spring,prelim,Sun,2,1,4,Seth Jensen,6,0
2026-spring,prelim,Sun,2,2,1,Priya Castellanos,10,1
2026-spring,prelim,Sun,2,2,2,Caleb Ortega,5,0
2026-spring,prelim,Sun,2,2,3,Maya Tremblay,7,0
2026-spring,prelim,Sun,2,2,4,Esme Novak,4,0
2026-spring,prelim,Sun,2,3,1,Tova Ueda,5,0
2026-spring,prelim,Sun,2,3,2,Nico Patel,7,0
2026-spring,prelim,Sun,2,3,3,Ines Bianchi,3,0
2026-spring,prelim,Sun,2,3,4,Felix Moreau,10,1
2026-spring,prelim,Sun,2,4,1,Pia Marsh,5,0
2026-spring,prelim,Sun,2,4,2,Gideon Fitzgerald,4,0
2026-spring,prelim,Sun,2,4,3,Orin Kaplan,5,0
2026-spring,prelim,Sun,2,4,4,Gus Iwata,11,1
2026-spring,prelim,Sun,2,5,1,Kemi Kaplan,3,0
2026-spring,prelim,Sun,2,5,2,Emil Okafor,11,1
2026-spring,prelim,Sun,2,5,3,Nora Kessler,7,0
2026-spring,prelim,Sun,2,5,4,Cyrus Rasmussen,6,0
2026-spring,prelim,Sun,2,6,1,Quinn Rasmussen,10,1
2026-spring,prelim,Sun,2,6,2,Vera Holm,6,0
2026-spring,prelim,Sun,2,6,3,Sana Abernathy,5,0
2026-spring,prelim,Sun,2,6,4,Kofi Castillo,6,0
2026-spring,prelim,Sun,2,7,1,Alex Fitzgerald,7,0
2026-spring,prelim,Sun,2,7,2,Farah Reyes,6,0
2026-spring,prelim,Sun,2,7,3,Luca Yilmaz,2,0
2026-spring,prelim,Sun,2,7,4,Nico Marsh,11,1
2026-spring,prelim,Sun,2,8,1,Kemi Jensen,4,0
2026-spring,prelim,Sun,2,8,2,Hannah Ostrowski,10,1
2026-spring,prelim,Sun,2,8,3,Nadia Zeller,7,0
2026-spring,prelim,Sun,2,8,4,Hana Marsh,4,0
2026-spring,prelim,Sun,2,9,1,Dmitri Holm,5,0
2026-spring,prelim,Sun,2,9,2,Zoe Ellison,7,0
2026-spring,prelim,Sun,2,9,3,Xochi Ellison,5,0
2026-spring,prelim,Sun,2,9,4,Seth Hartley,10,1
2026-spring,prelim,Sun,2,10,1,Omar Whitfield,5,0
2026-spring,prelim,Sun,2,10,2,Gus Hartley,5,0
2026-spring,prelim,Sun,2,10,3,Pia Dubois,10,1
2026-spring,prelim,Sun,2,10,4,Seth Fitzgerald,7,0
2026-spring,prelim,Sun,3,1,1,Nico Marsh,11,1
2026-spring,prelim,Sun,3,1,2,Pia Dubois,4,0
2026-spring,prelim,Sun,3,1,3,Sana Abernathy,6,0
2026-spring,prelim,Sun,3,1,4,Xochi Ellison,4,0
2026-spring,prelim,Sun,3,2,1,Nora Kessler,5,0
2026-spring,prelim,Sun,3,2,2,Hannah Ostrowski,10,1
2026-spring,prelim,Sun,3,2,3,Kofi Castillo,6,0
2026-spring,prelim,Sun,3,2,4,Seth Hartley,7,0
2026-spring,prelim,Sun,3,3,1,Emil Okafor,7,0
2026-spring,prelim,Sun,3,3,2,Vera Holm,10,1
2026-spring,prelim,Sun,3,3,3,Hana Marsh,7,0
2026-spring,prelim,Sun,3,3,4,Seth Jensen,5,0
2026-spring,prelim,Sun,3,4,1,Tova Ueda,3,0
2026-spring,prelim,Sun,3,4,2,Quinn Rasmussen,6,0
2026-spring,prelim,Sun,3,4,3,Delia Whitaker,10,1
2026-spring,prelim,Sun,3,4,4,Seth Fitzgerald,7,0
2026-spring,prelim,Sun,3,5,1,Pia Marsh,7,0
2026-spring,prelim,Sun,3,5,2,Odette Adebayo,6,0
2026-spring,prelim,Sun,3,5,3,Maya Tremblay,7,0
2026-spring,prelim,Sun,3,5,4,Dmitri Holm,10,1
2026-spring,prelim,Sun,3,6,1,Omar Whitfield,6,0
2026-spring,prelim,Sun,3,6,2,Zoe Ellison,10,1
2026-spring,prelim,Sun,3,6,3,Felix Moreau,4,0
2026-spring,prelim,Sun,3,6,4,Ines Bianchi,5,0
2026-spring,prelim,Sun,3,7,1,Gideon Fitzgerald,5,0
2026-spring,prelim,Sun,3,7,2,Esme Novak,10,1
2026-spring,prelim,Sun,3,7,3,Kemi Kaplan,4,0
2026-spring,prelim,Sun,3,7,4,Caleb Ortega,8,0
2026-spring,prelim,Sun,3,8,1,Nico Patel,10,1
2026-spring,prelim,Sun,3,8,2,Luca Lindqvist,5,0
2026-spring,prelim,Sun,3,8,3,Luca Yilmaz,5,0
2026-spring,prelim,Sun,3,8,4,Farah Reyes,5,0
2026-spring,prelim,Sun,3,9,1,Orin Kaplan,5,0
2026-spring,prelim,Sun,3,9,2,Gus Iwata,6,0
2026-spring,prelim,Sun,3,9,3,Alex Fitzgerald,10,1
2026-spring,prelim,Sun,3,9,4,Cyrus Rasmussen,6,0
2026-spring,prelim,Sun,3,10,1,Kemi Jensen,10,1
2026-spring,prelim,Sun,3,10,2,Nadia Zeller,6,0
2026-spring,prelim,Sun,3,10,3,Priya Castellanos,7,0
2026-spring,prelim,Sun,3,10,4,Gus Hartley,4,0
2026-spring,semi,,1,1,1,Gus Iwata,10,1
2026-spring,semi,,1,1,2,Delia Whitaker,5,0
2026-spring,semi,,1,1,3,Pia Ueda,5,0
2026-spring,semi,,1,1,4,Sana Lowery,5,0
2026-spring,semi,,1,2,1,Hannah Ostrowski,10,1
2026-spring,semi,,1,2,2,Zoe Ellison,7,0
2026-spring,semi,,1,2,3,Vera Holm,4,0
2026-spring,semi,,1,2,4,Zoe Lindqvist,4,0
2026-spring,semi,,1,3,1,Mateo Hartley,7,0
2026-spring,semi,,1,3,2,Vera Lowery,10,1
2026-spring,semi,,1,3,3,Nico Marsh,5,0
2026-spring,semi,,1,3,4,Fern Gallo,8,0
2026-spring,semi,,1,4,1,Alex Fitzgerald,8,0
2026-spring,semi,,1,4,2,Pia Dubois,5,0
2026-spring,semi,,1,4,3,Felix Moreau,6,0
2026-spring,semi,,1,4,4,Luca Lindqvist,10,1
2026-spring,final,,1,1,1,Gus Iwata,4,0
2026-spring,final,,1,1,2,Hannah Ostrowski,3,0
2026-spring,final,,1,1,3,Vera Lowery,8,0
2026-spring,final,,1,1,4,Luca Lindqvist,10,1
2026-summer,prelim,Sat,1,1,1,Odette Adebayo,11,1
2026-summer,prelim,Sat,1,1,2,Dmitri Brennan,5,0
2026-summer,prelim,Sat,1,1,3,Yusuf Whitaker,7,0
2026-summer,prelim,Sat,1,1,4,Vera Holm,5,0
2026-summer,prelim,Sat,1,2,1,Gideon Ellison,4,0
2026-summer,prelim,Sat,1,2,2,Hiro Holm,8,0
2026-summer,prelim,Sat,1,2,3,Xochi Marsh,5,0
2026-summer,prelim,Sat,1,2,4,Omar Whitfield,10,1
2026-summer,prelim,Sat,1,3,1,Rafael Rasmussen,4,0
2026-summer,prelim,Sat,1,3,2,Pia Lindqvist,6,0
2026-summer,prelim,Sat,1,3,3,Vera Sato,10,1
2026-summer,prelim,Sat,1,3,4,Juno Zeller,3,0
2026-summer,prelim,Sat,1,4,1,Cyrus Duarte,7,0
2026-summer,prelim,Sat,1,4,2,Pia Brennan,10,1
2026-summer,prelim,Sat,1,4,3,Marcus Delgado,3,0
2026-summer,prelim,Sat,1,4,4,Maya Tremblay,4,0
2026-summer,prelim,Sat,1,5,1,Zoe Ellison,6,0
2026-summer,prelim,Sat,1,5,2,Samir Haddad,5,0
2026-summer,prelim,Sat,1,5,3,Kemi Whitaker,11,1
2026-summer,prelim,Sat,1,5,4,Lena Kaplan,5,0
2026-summer,prelim,Sat,1,6,1,Sana Lowery,10,1
2026-summer,prelim,Sat,1,6,2,Hiro Coleman,3,0
2026-summer,prelim,Sat,1,6,3,Vera Fitzgerald,6,0
2026-summer,prelim,Sat,1,6,4,Caleb Engel,6,0
2026-summer,prelim,Sat,1,7,1,Ravi Sundaram,10,1
2026-summer,prelim,Sat,1,7,2,Nico Patel,6,0
2026-summer,prelim,Sat,1,7,3,Kofi Ueda,6,0
2026-summer,prelim,Sat,1,7,4,Arjun Ferreira,6,0
2026-summer,prelim,Sat,1,8,1,Emil Okafor,10,1
2026-summer,prelim,Sat,1,8,2,Xochi Vance,7,0
2026-summer,prelim,Sat,1,8,3,Emil Patel,2,0
2026-summer,prelim,Sat,1,8,4,Hannah Ostrowski,8,0
2026-summer,prelim,Sat,1,9,1,Kemi Marsh,5,0
2026-summer,prelim,Sat,1,9,2,Alex Engel,10,1
2026-summer,prelim,Sat,1,9,3,Esme Yilmaz,6,0
2026-summer,prelim,Sat,1,9,4,Grace Liang,7,0
2026-summer,prelim,Sat,1,10,1,Ines Bianchi,6,0
2026-summer,prelim,Sat,1,10,2,Arjun Kowalski,10,1
2026-summer,prelim,Sat,1,10,3,Delia Sato,5,0
2026-summer,prelim,Sat,1,10,4,Sana Fitzgerald,8,0
2026-summer,prelim,Sat,1,11,1,Lena Marsh,5,0
2026-summer,prelim,Sat,1,11,2,Pablo Abernathy,6,0
2026-summer,prelim,Sat,1,11,3,Gideon Brennan,10,1
2026-summer,prelim,Sat,1,11,4,Kemi Novak,7,0
2026-summer,prelim,Sat,1,12,1,Kemi Ortega,5,0
2026-summer,prelim,Sat,1,12,2,Nico Adebayo,10,1
2026-summer,prelim,Sat,1,12,3,Uri Castillo,8,0
2026-summer,prelim,Sat,1,12,4,Hana Brennan,3,0
2026-summer,prelim,Sat,1,13,1,Pablo Holm,5,0
2026-summer,prelim,Sat,1,13,2,Jonah Joshi,5,0
2026-summer,prelim,Sat,1,13,3,Orin Fitzgerald,10,1
2026-summer,prelim,Sat,1,13,4,Dmitri Holm,7,0
2026-summer,prelim,Sat,1,14,1,Quinn Zeller,6,0
2026-summer,prelim,Sat,1,14,2,Wes Holm,4,0
2026-summer,prelim,Sat,1,14,3,Maya Ferreira,10,1
2026-summer,prelim,Sat,1,14,4,Diego Varela,6,0
2026-summer,prelim,Sat,1,15,1,Nadia Zeller,5,0
2026-summer,prelim,Sat,1,15,2,Jun Nakashima,2,0
2026-summer,prelim,Sat,1,15,3,Rafael Abernathy,10,1
2026-summer,prelim,Sat,1,15,4,Mateo Hartley,6,0
2026-summer,prelim,Sat,1,16,1,Theo Barnwell,7,0
2026-summer,prelim,Sat,1,16,2,Dmitri Adebayo,4,0
2026-summer,prelim,Sat,1,16,3,Gideon Coleman,6,0
2026-summer,prelim,Sat,1,16,4,Idris Lindqvist,10,1
2026-summer,prelim,Sat,1,17,1,Bianca Nakamura,10,1
2026-summer,prelim,Sat,1,17,2,Rosa Adebayo,4,0
2026-summer,prelim,Sat,1,17,3,Felix Moreau,6,0
2026-summer,prelim,Sat,1,17,4,Dmitri Ferreira,8,0
2026-summer,prelim,Sat,2,1,1,Rafael Abernathy,4,0
2026-summer,prelim,Sat,2,1,2,Marcus Delgado,6,0
2026-summer,prelim,Sat,2,1,3,Maya Ferreira,10,1
2026-summer,prelim,Sat,2,1,4,Felix Moreau,6,0
2026-summer,prelim,Sat,2,2,1,Bianca Nakamura,5,0
2026-summer,prelim,Sat,2,2,2,Gideon Brennan,4,0
2026-summer,prelim,Sat,2,2,3,Sana Lowery,6,0
2026-summer,prelim,Sat,2,2,4,Omar Whitfield,10,1
2026-summer,prelim,Sat,2,3,1,Rafael Rasmussen,8,0
2026-summer,prelim,Sat,2,3,2,Kofi Ueda,10,1
2026-summer,prelim,Sat,2,3,3,Gideon Coleman,3,0
2026-summer,prelim,Sat,2,3,4,Pablo Holm,6,0
2026-summer,prelim,Sat,2,4,1,Vera Fitzgerald,6,0
2026-summer,prelim,Sat,2,4,2,Arjun Kowalski,5,0
2026-summer,prelim,Sat,2,4,3,Rosa Adebayo,10,1
2026-summer,prelim,Sat,2,4,4,Diego Varela,7,0
2026-summer,prelim,Sat,2,5,1,Kemi Whitaker,10,1
2026-summer,prelim,Sat,2,5,2,Lena Marsh,5,0
2026-summer,prelim,Sat,2,5,3,Idris Lindqvist,7,0
2026-summer,prelim,Sat,2,5,4,Orin Fitzgerald,5,0
2026-summer,prelim,Sat,2,6,1,Sana Fitzgerald,10,1
2026-summer,prelim,Sat,2,6,2,Vera Holm,6,0
2026-summer,prelim,Sat,2,6,3,Kemi Novak,4,0
2026-summer,prelim,Sat,2,6,4,Gideon Ellison,4,0
2026-summer,prelim,Sat,2,7,1,Hiro Coleman,5,0
2026-summer,prelim,Sat,2,7,2,Vera Sato,10,1
2026-summer,prelim,Sat,2,7,3,Hiro Holm,3,0
2026-summer,prelim,Sat,2,7,4,Lena Kaplan,5,0
2026-summer,prelim,Sat,2,8,1,Emil Patel,4,0
2026-summer,prelim,Sat,2,8,2,Mateo Hartley,6,0
2026-summer,prelim,Sat,2,8,3,Hannah Ostrowski,10,1
2026-summer,prelim,Sat,2,8,4,Maya Tremblay,6,0
2026-summer,prelim,Sat,2,9,1,Xochi Vance,2,0
2026-summer,prelim,Sat,2,9,2,Dmitri Brennan,8,0
2026-summer,prelim,Sat,2,9,3,Odette Adebayo,10,1
2026-summer,prelim,Sat,2,9,4,Nadia Zeller,6,0
2026-summer,prelim,Sat,2,10,1,Delia Sato,5,0
2026-summer,prelim,Sat,2,10,2,Kemi Marsh,6,0
2026-summer,prelim,Sat,2,10,3,Theo Barnwell,5,0
2026-summer,prelim,Sat,2,10,4,Emil Okafor,11,1
2026-summer,prelim,Sat,2,11,1,Ravi Sundaram,6,0
2026-summer,prelim,Sat,2,11,2,Alex Engel,6,0
2026-summer,prelim,Sat,2,11,3,Zoe Ellison,10,1
2026-summer,prelim,Sat,2,11,4,Ines Bianchi,5,0
2026-summer,prelim,Sat,2,12,1,Pia Brennan,10,1
2026-summer,prelim,Sat,2,12,2,Wes Holm,6,0
2026-summer,prelim,Sat,2,12,3,Jun Nakashima,5,0
2026-summer,prelim,Sat,2,12,4,Hana Brennan,6,0
2026-summer,prelim,Sat,2,13,1,Dmitri Adebayo,6,0
2026-summer,prelim,Sat,2,13,2,Nico Patel,3,0
2026-summer,prelim,Sat,2,13,3,Nico Adebayo,4,0
2026-summer,prelim,Sat,2,13,4,Caleb Engel,11,1
2026-summer,prelim,Sat,2,14,1,Dmitri Ferreira,4,0
2026-summer,prelim,Sat,2,14,2,Jonah Joshi,10,1
2026-summer,prelim,Sat,2,14,3,Grace Liang,6,0
2026-summer,prelim,Sat,2,14,4,Uri Castillo,2,0
2026-summer,prelim,Sat,2,15,1,Arjun Ferreira,4,0
2026-summer,prelim,Sat,2,15,2,Juno Zeller,6,0
2026-summer,prelim,Sat,2,15,3,Pablo Abernathy,7,0
2026-summer,prelim,Sat,2,15,4,Xochi Marsh,10,1
2026-summer,prelim,Sat,2,16,1,Cyrus Duarte,6,0
2026-summer,prelim,Sat,2,16,2,Dmitri Holm,10,1
2026-summer,prelim,Sat,2,16,3,Esme Yilmaz,7,0
2026-summer,prelim,Sat,2,16,4,Samir Haddad,3,0
2026-summer,prelim,Sat,2,17,1,Pia Lindqvist,4,0
2026-summer,prelim,Sat,2,17,2,Kemi Ortega,7,0
2026-summer,prelim,Sat,2,17,3,Yusuf Whitaker,10,1
2026-summer,prelim,Sat,2,17,4,Quinn Zeller,5,0
2026-summer,prelim,Sat,3,1,1,Emil Okafor,7,0
2026-summer,prelim,Sat,3,1,2,Kemi Ortega,6,0
2026-summer,prelim,Sat,3,1,3,Omar Whitfield,10,1
2026-summer,prelim,Sat,3,1,4,Dmitri Holm,5,0
2026-summer,prelim,Sat,3,2,1,Cyrus Duarte,7,0
2026-summer,prelim,Sat,3,2,2,Gideon Brennan,6,0
2026-summer,prelim,Sat,3,2,3,Maya Tremblay,5,0
2026-summer,prelim,Sat,3,2,4,Nadia Zeller,10,1
2026-summer,prelim,Sat,3,3,1,Dmitri Brennan,9,0
2026-summer,prelim,Sat,3,3,2,Vera Fitzgerald,7,0
2026-summer,prelim,Sat,3,3,3,Theo Barnwell,10,1
2026-summer,prelim,Sat,3,3,4,Kofi Ueda,3,0
2026-summer,prelim,Sat,3,4,1,Marcus Delgado,5,0
2026-summer,prelim,Sat,3,4,2,Esme Yilmaz,6,0
2026-summer,prelim,Sat,3,4,3,Pia Brennan,5,0
2026-summer,prelim,Sat,3,4,4,Rafael Abernathy,10,1
2026-summer,prelim,Sat,3,5,1,Mateo Hartley,7,0
2026-summer,prelim,Sat,3,5,2,Alex Engel,7,0
2026-summer,prelim,Sat,3,5,3,Pia Lindqvist,10,1
2026-summer,prelim,Sat,3,5,4,Xochi Vance,5,0
2026-summer,prelim,Sat,3,6,1,Delia Sato,6,0
2026-summer,prelim,Sat,3,6,2,Lena Kaplan,10,1
2026-summer,prelim,Sat,3,6,3,Uri Castillo,7,0
2026-summer,prelim,Sat,3,6,4,Pablo Abernathy,2,0
2026-summer,prelim,Sat,3,7,1,Rosa Adebayo,6,0
2026-summer,prelim,Sat,3,7,2,Zoe Ellison,10,1
2026-summer,prelim,Sat,3,7,3,Hana Brennan,5,0
2026-summer,prelim,Sat,3,7,4,Quinn Zeller,5,0
2026-summer,prelim,Sat,3,8,1,Felix Moreau,10,1
2026-summer,prelim,Sat,3,8,2,Jonah Joshi,6,0
2026-summer,prelim,Sat,3,8,3,Juno Zeller,3,0
2026-summer,prelim,Sat,3,8,4,Hiro Coleman,7,0
2026-summer,prelim,Sat,3,9,1,Yusuf Whitaker,10,1
2026-summer,prelim,Sat,3,9,2,Pablo Holm,4,0
2026-summer,prelim,Sat,3,9,3,Ravi Sundaram,8,0
2026-summer,prelim,Sat,3,9,4,Sana Fitzgerald,3,0
2026-summer,prelim,Sat,3,10,1,Gideon Coleman,6,0
2026-summer,prelim,Sat,3,10,2,Gideon Ellison,5,0
2026-summer,prelim,Sat,3,10,3,Xochi Marsh,5,0
2026-summer,prelim,Sat,3,10,4,Dmitri Adebayo,11,1
2026-summer,prelim,Sat,3,11,1,Jun Nakashima,7,0
2026-summer,prelim,Sat,3,11,2,Sana Lowery,6,0
2026-summer,prelim,Sat,3,11,3,Bianca Nakamura,7,0
2026-summer,prelim,Sat,3,11,4,Hiro Holm,10,1
2026-summer,prelim,Sat,3,12,1,Kemi Marsh,3,0
2026-summer,prelim,Sat,3,12,2,Nico Adebayo,10,1
2026-summer,prelim,Sat,3,12,3,Vera Sato,6,0
2026-summer,prelim,Sat,3,12,4,Odette Adebayo,5,0
2026-summer,prelim,Sat,3,13,1,Maya Ferreira,11,1
2026-summer,prelim,Sat,3,13,2,Kemi Whitaker,7,0
2026-summer,prelim,Sat,3,13,3,Nico Patel,7,0
2026-summer,prelim,Sat,3,13,4,Dmitri Ferreira,3,0
2026-summer,prelim,Sat,3,14,1,Wes Holm,4,0
2026-summer,prelim,Sat,3,14,2,Samir Haddad,9,0
2026-summer,prelim,Sat,3,14,3,Grace Liang,4,0
2026-summer,prelim,Sat,3,14,4,Arjun Kowalski,10,1
2026-summer,prelim,Sat,3,15,1,Arjun Ferreira,7,0
2026-summer,prelim,Sat,3,15,2,Ines Bianchi,3,0
2026-summer,prelim,Sat,3,15,3,Orin Fitzgerald,6,0
2026-summer,prelim,Sat,3,15,4,Kemi Novak,10,1
2026-summer,prelim,Sat,3,16,1,Hannah Ostrowski,10,1
2026-summer,prelim,Sat,3,16,2,Rafael Rasmussen,5,0
2026-summer,prelim,Sat,3,16,3,Vera Holm,9,0
2026-summer,prelim,Sat,3,16,4,Caleb Engel,2,0
2026-summer,prelim,Sat,3,17,1,Diego Varela,7,0
2026-summer,prelim,Sat,3,17,2,Emil Patel,6,0
2026-summer,prelim,Sat,3,17,3,Idris Lindqvist,10,1
2026-summer,prelim,Sat,3,17,4,Lena Marsh,2,0
2026-summer,semi,,1,1,1,Maya Ferreira,4,0
2026-summer,semi,,1,1,2,Vera Sato,6,0
2026-summer,semi,,1,1,3,Odette Adebayo,10,1
2026-summer,semi,,1,1,4,Alex Engel,4,0
2026-summer,semi,,1,2,1,Omar Whitfield,10,1
2026-summer,semi,,1,2,2,Idris Lindqvist,8,0
2026-summer,semi,,1,2,3,Zoe Ellison,4,0
2026-summer,semi,,1,2,4,Ravi Sundaram,7,0
2026-summer,semi,,1,3,1,Hannah Ostrowski,4,0
2026-summer,semi,,1,3,2,Yusuf Whitaker,11,1
2026-summer,semi,,1,3,3,Pia Brennan,7,0
2026-summer,semi,,1,3,4,Nico Adebayo,4,0
2026-summer,semi,,1,4,1,Emil Okafor,10,1
2026-summer,semi,,1,4,2,Kemi Whitaker,7,0
2026-summer,semi,,1,4,3,Arjun Kowalski,5,0
2026-summer,semi,,1,4,4,Rafael Abernathy,5,0
2026-summer,final,,1,1,1,Odette Adebayo,10,1
2026-summer,final,,1,1,2,Omar Whitfield,6,0
2026-summer,final,,1,1,3,Yusuf Whitaker,5,0
2026-summer,final,,1,1,4,Emil Okafor,8,0
